[debug] [2026-01-25T14:12:17.222Z] ----------------------------------------------------------------------
[debug] [2026-01-25T14:12:17.234Z] Command:       C:\Program Files\nodejs\node.exe C:\Program Files\nodejs\node_modules\firebase-tools\lib\bin\firebase.js emulators:start --only functions
[debug] [2026-01-25T14:12:17.235Z] CLI Version:   15.4.0
[debug] [2026-01-25T14:12:17.235Z] Platform:      win32
[debug] [2026-01-25T14:12:17.235Z] Node Version:  v20.19.6
[debug] [2026-01-25T14:12:17.235Z] Time:          Sun Jan 25 2026 19:42:17 GMT+0530 (India Standard Time)
[debug] [2026-01-25T14:12:17.236Z] ----------------------------------------------------------------------
[debug] 
[debug] [2026-01-25T14:12:17.238Z] >>> [apiv2][query] GET https://firebase-public.firebaseio.com/cli.json [none]
[debug] [2026-01-25T14:12:53.035Z] > command requires scopes: ["email","openid","https://www.googleapis.com/auth/cloudplatformprojects.readonly","https://www.googleapis.com/auth/firebase","https://www.googleapis.com/auth/cloud-platform"]
[debug] Failed to authenticate, have you run firebase login?
[warn] !  emulators: You are not currently authenticated so some features may not work correctly. Please run firebase login to authenticate the CLI. 
[info] i  emulators: Starting emulators: functions {"metadata":{"emulator":{"name":"hub"},"message":"Starting emulators: functions"}}
[debug] [2026-01-25T14:12:53.094Z] [logging] Logging Emulator only supports listening on one address (127.0.0.1). Not listening on ::1
[debug] [2026-01-25T14:12:53.095Z] assigned listening specs for emulators {"user":{"hub":[{"address":"127.0.0.1","family":"IPv4","port":4400},{"address":"::1","family":"IPv6","port":4400}],"ui":[{"address":"127.0.0.1","family":"IPv4","port":4000},{"address":"::1","family":"IPv6","port":4000}],"logging":[{"address":"127.0.0.1","family":"IPv4","port":4500}]},"metadata":{"message":"assigned listening specs for emulators"}}
[debug] [2026-01-25T14:12:53.100Z] Write emulator hub locator at C:\Users\puria\AppData\Local\Temp\hub-sprintothon-cd194.json
[debug] [2026-01-25T14:12:53.152Z] [functions] Functions Emulator only supports listening on one address (127.0.0.1). Not listening on ::1
[debug] [2026-01-25T14:12:53.152Z] [eventarc] Eventarc Emulator only supports listening on one address (127.0.0.1). Not listening on ::1
[debug] [2026-01-25T14:12:53.152Z] [tasks] Cloud Tasks Emulator only supports listening on one address (127.0.0.1). Not listening on ::1
[debug] [2026-01-25T14:12:53.153Z] late-assigned ports for functions and eventarc emulators {"user":{"hub":[{"address":"127.0.0.1","family":"IPv4","port":4400},{"address":"::1","family":"IPv6","port":4400}],"ui":[{"address":"127.0.0.1","family":"IPv4","port":4000},{"address":"::1","family":"IPv6","port":4000}],"logging":[{"address":"127.0.0.1","family":"IPv4","port":4500}],"functions":[{"address":"127.0.0.1","family":"IPv4","port":5001}],"eventarc":[{"address":"127.0.0.1","family":"IPv4","port":9299}],"tasks":[{"address":"127.0.0.1","family":"IPv4","port":9499}]},"metadata":{"message":"late-assigned ports for functions and eventarc emulators"}}
[warn] !  functions: The following emulators are not running, calls to these services from the Functions emulator will affect production: apphosting, auth, firestore, database, hosting, pubsub, storage, dataconnect {"metadata":{"emulator":{"name":"functions"},"message":"The following emulators are not running, calls to these services from the Functions emulator will affect production: \u001b[1mapphosting, auth, firestore, database, hosting, pubsub, storage, dataconnect\u001b[22m"}}
[debug] [2026-01-25T14:12:53.154Z] No OAuth tokens found
[debug] [2026-01-25T14:12:53.155Z] No OAuth tokens found
[debug] [2026-01-25T14:12:53.155Z] > command requires scopes: ["email","openid","https://www.googleapis.com/auth/cloudplatformprojects.readonly","https://www.googleapis.com/auth/firebase","https://www.googleapis.com/auth/cloud-platform"]
[debug] [2026-01-25T14:12:53.155Z] Failed to get Admin SDK config for sprintothon-cd194, falling back to cache Failed to get Admin SDK for Firebase project sprintothon-cd194. Please make sure the project exists and your account has permission to access it. {"name":"FirebaseError","children":[],"exit":2,"message":"Failed to get Admin SDK for Firebase project sprintothon-cd194. Please make sure the project exists and your account has permission to access it.","original":{"name":"FirebaseError","children":[],"exit":1,"message":"Failed to authenticate, have you run \u001b[1mfirebase login\u001b[22m?","original":{},"status":500},"status":500}
[warn] !  functions: Unable to fetch project Admin SDK configuration, Admin SDK behavior in Cloud Functions emulator may be incorrect. {"metadata":{"emulator":{"name":"functions"},"message":"Unable to fetch project Admin SDK configuration, Admin SDK behavior in Cloud Functions emulator may be incorrect."}}
[info] i  ui: downloading ui-v1.15.0.zip... {"metadata":{"emulator":{"name":"ui"},"message":"downloading ui-v1.15.0.zip..."}}
[debug] [2026-01-25T14:12:53.192Z] >>> [apiv2][query] GET https://storage.googleapis.com/firebase-preview-drop/emulator/ui-v1.15.0.zip 
[debug] [2026-01-25T14:12:53.577Z] <<< [apiv2][status] GET https://storage.googleapis.com/firebase-preview-drop/emulator/ui-v1.15.0.zip 200
[debug] [2026-01-25T14:12:53.577Z] <<< [apiv2][body] GET https://storage.googleapis.com/firebase-preview-drop/emulator/ui-v1.15.0.zip [stream]
[debug] [2026-01-25T14:12:53.868Z] <<< [apiv2][status] GET https://firebase-public.firebaseio.com/cli.json 200
[debug] [2026-01-25T14:12:53.868Z] <<< [apiv2][body] GET https://firebase-public.firebaseio.com/cli.json {"cloudBuildErrorAfter":1594252800000,"cloudBuildWarnAfter":1590019200000,"defaultNode10After":1594252800000,"minVersion":"3.0.5","node8DeploysDisabledAfter":1613390400000,"node8RuntimeDisabledAfter":1615809600000,"node8WarnAfter":1600128000000}
[debug] [2026-01-25T14:13:02.639Z] Data is 3538469
[debug] [2026-01-25T14:13:02.639Z] [unzip] Entry: client/ (compressed_size=0 bytes, uncompressed_size=0 bytes)
[debug] [2026-01-25T14:13:02.639Z] [unzip] Processing entry: client\
[debug] [2026-01-25T14:13:02.639Z] [unzip] mkdir: C:\Users\puria\.cache\firebase\emulators\ui-v1.15.0\client\
[debug] [2026-01-25T14:13:02.641Z] [unzip] Entry: client/favicon-16x16.png (compressed_size=293 bytes, uncompressed_size=293 bytes)
[debug] [2026-01-25T14:13:02.641Z] [unzip] Processing entry: client\favicon-16x16.png
[debug] [2026-01-25T14:13:02.641Z] [unzip] else mkdir: C:\Users\puria\.cache\firebase\emulators\ui-v1.15.0\client
[debug] [2026-01-25T14:13:02.641Z] [unzip] Writing file: C:\Users\puria\.cache\firebase\emulators\ui-v1.15.0\client\favicon-16x16.png
[debug] [2026-01-25T14:13:02.643Z] [unzip] Entry: client/safari-pinned-tab.svg (compressed_size=1433 bytes, uncompressed_size=2611 bytes)
[debug] [2026-01-25T14:13:02.644Z] [unzip] Processing entry: client\safari-pinned-tab.svg
[debug] [2026-01-25T14:13:02.644Z] [unzip] else mkdir: C:\Users\puria\.cache\firebase\emulators\ui-v1.15.0\client
[debug] [2026-01-25T14:13:02.645Z] [unzip] deflating: C:\Users\puria\.cache\firebase\emulators\ui-v1.15.0\client\safari-pinned-tab.svg
[debug] [2026-01-25T14:13:02.668Z] [unzip] Entry: client/favicon.ico (compressed_size=2933 bytes, uncompressed_size=13294 bytes)
[debug] [2026-01-25T14:13:02.668Z] [unzip] Processing entry: client\favicon.ico
[debug] [2026-01-25T14:13:02.668Z] [unzip] else mkdir: C:\Users\puria\.cache\firebase\emulators\ui-v1.15.0\client
[debug] [2026-01-25T14:13:02.669Z] [unzip] deflating: C:\Users\puria\.cache\firebase\emulators\ui-v1.15.0\client\favicon.ico
[debug] [2026-01-25T14:13:02.673Z] [unzip] Entry: client/index.html (compressed_size=1364 bytes, uncompressed_size=3071 bytes)
[debug] [2026-01-25T14:13:02.674Z] [unzip] Processing entry: client\index.html
[debug] [2026-01-25T14:13:02.674Z] [unzip] else mkdir: C:\Users\puria\.cache\firebase\emulators\ui-v1.15.0\client
[debug] [2026-01-25T14:13:02.674Z] [unzip] deflating: C:\Users\puria\.cache\firebase\emulators\ui-v1.15.0\client\index.html
[debug] [2026-01-25T14:13:02.677Z] [unzip] Entry: client/android-chrome-192x192.png (compressed_size=2684 bytes, uncompressed_size=2684 bytes)
[debug] [2026-01-25T14:13:02.677Z] [unzip] Processing entry: client\android-chrome-192x192.png
[debug] [2026-01-25T14:13:02.677Z] [unzip] else mkdir: C:\Users\puria\.cache\firebase\emulators\ui-v1.15.0\client
[debug] [2026-01-25T14:13:02.677Z] [unzip] Writing file: C:\Users\puria\.cache\firebase\emulators\ui-v1.15.0\client\android-chrome-192x192.png
[debug] [2026-01-25T14:13:02.679Z] [unzip] Entry: client/apple-touch-icon.png (compressed_size=2123 bytes, uncompressed_size=2152 bytes)
[debug] [2026-01-25T14:13:02.679Z] [unzip] Processing entry: client\apple-touch-icon.png
[debug] [2026-01-25T14:13:02.679Z] [unzip] else mkdir: C:\Users\puria\.cache\firebase\emulators\ui-v1.15.0\client
[debug] [2026-01-25T14:13:02.680Z] [unzip] deflating: C:\Users\puria\.cache\firebase\emulators\ui-v1.15.0\client\apple-touch-icon.png
[debug] [2026-01-25T14:13:02.683Z] [unzip] Entry: client/android-chrome-512x512.png (compressed_size=5369 bytes, uncompressed_size=5411 bytes)
[debug] [2026-01-25T14:13:02.683Z] [unzip] Processing entry: client\android-chrome-512x512.png
[debug] [2026-01-25T14:13:02.683Z] [unzip] else mkdir: C:\Users\puria\.cache\firebase\emulators\ui-v1.15.0\client
[debug] [2026-01-25T14:13:02.684Z] [unzip] deflating: C:\Users\puria\.cache\firebase\emulators\ui-v1.15.0\client\android-chrome-512x512.png
[debug] [2026-01-25T14:13:02.688Z] [unzip] Entry: client/manifest.json (compressed_size=245 bytes, uncompressed_size=551 bytes)
[debug] [2026-01-25T14:13:02.689Z] [unzip] Processing entry: client\manifest.json
[debug] [2026-01-25T14:13:02.689Z] [unzip] else mkdir: C:\Users\puria\.cache\firebase\emulators\ui-v1.15.0\client
[debug] [2026-01-25T14:13:02.690Z] [unzip] deflating: C:\Users\puria\.cache\firebase\emulators\ui-v1.15.0\client\manifest.json
[debug] [2026-01-25T14:13:02.710Z] [unzip] Entry: client/robots.txt (compressed_size=26 bytes, uncompressed_size=26 bytes)
[debug] [2026-01-25T14:13:02.710Z] [unzip] Processing entry: client\robots.txt
[debug] [2026-01-25T14:13:02.710Z] [unzip] else mkdir: C:\Users\puria\.cache\firebase\emulators\ui-v1.15.0\client
[debug] [2026-01-25T14:13:02.713Z] [unzip] Writing file: C:\Users\puria\.cache\firebase\emulators\ui-v1.15.0\client\robots.txt
[debug] [2026-01-25T14:13:02.728Z] [unzip] Entry: client/mstile-150x150.png (compressed_size=2034 bytes, uncompressed_size=2034 bytes)
[debug] [2026-01-25T14:13:02.729Z] [unzip] Processing entry: client\mstile-150x150.png
[debug] [2026-01-25T14:13:02.729Z] [unzip] else mkdir: C:\Users\puria\.cache\firebase\emulators\ui-v1.15.0\client
[debug] [2026-01-25T14:13:02.730Z] [unzip] Writing file: C:\Users\puria\.cache\firebase\emulators\ui-v1.15.0\client\mstile-150x150.png
[debug] [2026-01-25T14:13:02.731Z] [unzip] Entry: client/assets/ (compressed_size=0 bytes, uncompressed_size=0 bytes)
[debug] [2026-01-25T14:13:02.733Z] [unzip] Processing entry: client\assets\
[debug] [2026-01-25T14:13:02.734Z] [unzip] mkdir: C:\Users\puria\.cache\firebase\emulators\ui-v1.15.0\client\assets\
[debug] [2026-01-25T14:13:02.736Z] [unzip] Entry: client/assets/index-BX-A56oj.js (compressed_size=582089 bytes, uncompressed_size=2092775 bytes)
[debug] [2026-01-25T14:13:02.736Z] [unzip] Processing entry: client\assets\index-BX-A56oj.js
[debug] [2026-01-25T14:13:02.736Z] [unzip] else mkdir: C:\Users\puria\.cache\firebase\emulators\ui-v1.15.0\client\assets
[debug] [2026-01-25T14:13:02.738Z] [unzip] deflating: C:\Users\puria\.cache\firebase\emulators\ui-v1.15.0\client\assets\index-BX-A56oj.js
[debug] [2026-01-25T14:13:02.791Z] [unzip] Entry: client/assets/index-CjB9C900.css (compressed_size=35979 bytes, uncompressed_size=298654 bytes)
[debug] [2026-01-25T14:13:02.792Z] [unzip] Processing entry: client\assets\index-CjB9C900.css
[debug] [2026-01-25T14:13:02.792Z] [unzip] else mkdir: C:\Users\puria\.cache\firebase\emulators\ui-v1.15.0\client\assets
[debug] [2026-01-25T14:13:02.792Z] [unzip] deflating: C:\Users\puria\.cache\firebase\emulators\ui-v1.15.0\client\assets\index-CjB9C900.css
[debug] [2026-01-25T14:13:02.796Z] [unzip] Entry: client/assets/index-BX-A56oj.js.map (compressed_size=2362482 bytes, uncompressed_size=10036679 bytes)
[debug] [2026-01-25T14:13:02.796Z] [unzip] Processing entry: client\assets\index-BX-A56oj.js.map
[debug] [2026-01-25T14:13:02.796Z] [unzip] else mkdir: C:\Users\puria\.cache\firebase\emulators\ui-v1.15.0\client\assets
[debug] [2026-01-25T14:13:02.798Z] [unzip] deflating: C:\Users\puria\.cache\firebase\emulators\ui-v1.15.0\client\assets\index-BX-A56oj.js.map
[debug] [2026-01-25T14:13:03.151Z] [unzip] Entry: client/assets/extensions/ (compressed_size=0 bytes, uncompressed_size=0 bytes)
[debug] [2026-01-25T14:13:03.152Z] [unzip] Processing entry: client\assets\extensions\
[debug] [2026-01-25T14:13:03.152Z] [unzip] mkdir: C:\Users\puria\.cache\firebase\emulators\ui-v1.15.0\client\assets\extensions\
[debug] [2026-01-25T14:13:03.153Z] [unzip] Entry: client/assets/extensions/default-extension.png (compressed_size=1646 bytes, uncompressed_size=1657 bytes)
[debug] [2026-01-25T14:13:03.154Z] [unzip] Processing entry: client\assets\extensions\default-extension.png
[debug] [2026-01-25T14:13:03.154Z] [unzip] else mkdir: C:\Users\puria\.cache\firebase\emulators\ui-v1.15.0\client\assets\extensions
[debug] [2026-01-25T14:13:03.154Z] [unzip] deflating: C:\Users\puria\.cache\firebase\emulators\ui-v1.15.0\client\assets\extensions\default-extension.png
[debug] [2026-01-25T14:13:03.158Z] [unzip] Entry: client/assets/img/ (compressed_size=0 bytes, uncompressed_size=0 bytes)
[debug] [2026-01-25T14:13:03.159Z] [unzip] Processing entry: client\assets\img\
[debug] [2026-01-25T14:13:03.160Z] [unzip] mkdir: C:\Users\puria\.cache\firebase\emulators\ui-v1.15.0\client\assets\img\
[debug] [2026-01-25T14:13:03.161Z] [unzip] Entry: client/assets/img/database.png (compressed_size=29449 bytes, uncompressed_size=29988 bytes)
[debug] [2026-01-25T14:13:03.161Z] [unzip] Processing entry: client\assets\img\database.png
[debug] [2026-01-25T14:13:03.161Z] [unzip] else mkdir: C:\Users\puria\.cache\firebase\emulators\ui-v1.15.0\client\assets\img
[debug] [2026-01-25T14:13:03.161Z] [unzip] deflating: C:\Users\puria\.cache\firebase\emulators\ui-v1.15.0\client\assets\img\database.png
[debug] [2026-01-25T14:13:03.165Z] [unzip] Entry: client/assets/provider-icons/ (compressed_size=0 bytes, uncompressed_size=0 bytes)
[debug] [2026-01-25T14:13:03.165Z] [unzip] Processing entry: client\assets\provider-icons\
[debug] [2026-01-25T14:13:03.165Z] [unzip] mkdir: C:\Users\puria\.cache\firebase\emulators\ui-v1.15.0\client\assets\provider-icons\
[debug] [2026-01-25T14:13:03.170Z] [unzip] Entry: client/assets/provider-icons/auth_service_saml.svg (compressed_size=575 bytes, uncompressed_size=1226 bytes)
[debug] [2026-01-25T14:13:03.171Z] [unzip] Processing entry: client\assets\provider-icons\auth_service_saml.svg
[debug] [2026-01-25T14:13:03.171Z] [unzip] else mkdir: C:\Users\puria\.cache\firebase\emulators\ui-v1.15.0\client\assets\provider-icons
[debug] [2026-01-25T14:13:03.172Z] [unzip] deflating: C:\Users\puria\.cache\firebase\emulators\ui-v1.15.0\client\assets\provider-icons\auth_service_saml.svg
[debug] [2026-01-25T14:13:03.187Z] [unzip] Entry: client/assets/provider-icons/auth_service_phone.svg (compressed_size=261 bytes, uncompressed_size=414 bytes)
[debug] [2026-01-25T14:13:03.187Z] [unzip] Processing entry: client\assets\provider-icons\auth_service_phone.svg
[debug] [2026-01-25T14:13:03.187Z] [unzip] else mkdir: C:\Users\puria\.cache\firebase\emulators\ui-v1.15.0\client\assets\provider-icons
[debug] [2026-01-25T14:13:03.189Z] [unzip] deflating: C:\Users\puria\.cache\firebase\emulators\ui-v1.15.0\client\assets\provider-icons\auth_service_phone.svg
[debug] [2026-01-25T14:13:03.192Z] [unzip] Entry: client/assets/provider-icons/auth_service_facebook.svg (compressed_size=289 bytes, uncompressed_size=457 bytes)
[debug] [2026-01-25T14:13:03.193Z] [unzip] Processing entry: client\assets\provider-icons\auth_service_facebook.svg
[debug] [2026-01-25T14:13:03.193Z] [unzip] else mkdir: C:\Users\puria\.cache\firebase\emulators\ui-v1.15.0\client\assets\provider-icons
[debug] [2026-01-25T14:13:03.195Z] [unzip] deflating: C:\Users\puria\.cache\firebase\emulators\ui-v1.15.0\client\assets\provider-icons\auth_service_facebook.svg
[debug] [2026-01-25T14:13:03.224Z] [unzip] Entry: client/assets/provider-icons/auth_service_game_center.svg (compressed_size=991 bytes, uncompressed_size=3921 bytes)
[debug] [2026-01-25T14:13:03.224Z] [unzip] Processing entry: client\assets\provider-icons\auth_service_game_center.svg
[debug] [2026-01-25T14:13:03.224Z] [unzip] else mkdir: C:\Users\puria\.cache\firebase\emulators\ui-v1.15.0\client\assets\provider-icons
[debug] [2026-01-25T14:13:03.225Z] [unzip] deflating: C:\Users\puria\.cache\firebase\emulators\ui-v1.15.0\client\assets\provider-icons\auth_service_game_center.svg
[debug] [2026-01-25T14:13:03.227Z] [unzip] Entry: client/assets/provider-icons/auth_service_apple.svg (compressed_size=230 bytes, uncompressed_size=334 bytes)
[debug] [2026-01-25T14:13:03.228Z] [unzip] Processing entry: client\assets\provider-icons\auth_service_apple.svg
[debug] [2026-01-25T14:13:03.228Z] [unzip] else mkdir: C:\Users\puria\.cache\firebase\emulators\ui-v1.15.0\client\assets\provider-icons
[debug] [2026-01-25T14:13:03.228Z] [unzip] deflating: C:\Users\puria\.cache\firebase\emulators\ui-v1.15.0\client\assets\provider-icons\auth_service_apple.svg
[debug] [2026-01-25T14:13:03.234Z] [unzip] Entry: client/assets/provider-icons/auth_service_github.svg (compressed_size=466 bytes, uncompressed_size=838 bytes)
[debug] [2026-01-25T14:13:03.234Z] [unzip] Processing entry: client\assets\provider-icons\auth_service_github.svg
[debug] [2026-01-25T14:13:03.234Z] [unzip] else mkdir: C:\Users\puria\.cache\firebase\emulators\ui-v1.15.0\client\assets\provider-icons
[debug] [2026-01-25T14:13:03.235Z] [unzip] deflating: C:\Users\puria\.cache\firebase\emulators\ui-v1.15.0\client\assets\provider-icons\auth_service_github.svg
[debug] [2026-01-25T14:13:03.237Z] [unzip] Entry: client/assets/provider-icons/auth_service_mslive.svg (compressed_size=203 bytes, uncompressed_size=378 bytes)
[debug] [2026-01-25T14:13:03.237Z] [unzip] Processing entry: client\assets\provider-icons\auth_service_mslive.svg
[debug] [2026-01-25T14:13:03.237Z] [unzip] else mkdir: C:\Users\puria\.cache\firebase\emulators\ui-v1.15.0\client\assets\provider-icons
[debug] [2026-01-25T14:13:03.238Z] [unzip] deflating: C:\Users\puria\.cache\firebase\emulators\ui-v1.15.0\client\assets\provider-icons\auth_service_mslive.svg
[debug] [2026-01-25T14:13:03.241Z] [unzip] Entry: client/assets/provider-icons/auth_service_yahoo.svg (compressed_size=577 bytes, uncompressed_size=1182 bytes)
[debug] [2026-01-25T14:13:03.241Z] [unzip] Processing entry: client\assets\provider-icons\auth_service_yahoo.svg
[debug] [2026-01-25T14:13:03.241Z] [unzip] else mkdir: C:\Users\puria\.cache\firebase\emulators\ui-v1.15.0\client\assets\provider-icons
[debug] [2026-01-25T14:13:03.242Z] [unzip] deflating: C:\Users\puria\.cache\firebase\emulators\ui-v1.15.0\client\assets\provider-icons\auth_service_yahoo.svg
[debug] [2026-01-25T14:13:03.245Z] [unzip] Entry: client/assets/provider-icons/auth_service_twitter.svg (compressed_size=444 bytes, uncompressed_size=751 bytes)
[debug] [2026-01-25T14:13:03.245Z] [unzip] Processing entry: client\assets\provider-icons\auth_service_twitter.svg
[debug] [2026-01-25T14:13:03.245Z] [unzip] else mkdir: C:\Users\puria\.cache\firebase\emulators\ui-v1.15.0\client\assets\provider-icons
[debug] [2026-01-25T14:13:03.246Z] [unzip] deflating: C:\Users\puria\.cache\firebase\emulators\ui-v1.15.0\client\assets\provider-icons\auth_service_twitter.svg
[debug] [2026-01-25T14:13:03.261Z] [unzip] Entry: client/assets/provider-icons/auth_service_play_games.svg (compressed_size=565 bytes, uncompressed_size=1173 bytes)
[debug] [2026-01-25T14:13:03.262Z] [unzip] Processing entry: client\assets\provider-icons\auth_service_play_games.svg
[debug] [2026-01-25T14:13:03.262Z] [unzip] else mkdir: C:\Users\puria\.cache\firebase\emulators\ui-v1.15.0\client\assets\provider-icons
[debug] [2026-01-25T14:13:03.265Z] [unzip] deflating: C:\Users\puria\.cache\firebase\emulators\ui-v1.15.0\client\assets\provider-icons\auth_service_play_games.svg
[debug] [2026-01-25T14:13:03.270Z] [unzip] Entry: client/assets/provider-icons/auth_service_email.svg (compressed_size=228 bytes, uncompressed_size=326 bytes)
[debug] [2026-01-25T14:13:03.270Z] [unzip] Processing entry: client\assets\provider-icons\auth_service_email.svg
[debug] [2026-01-25T14:13:03.270Z] [unzip] else mkdir: C:\Users\puria\.cache\firebase\emulators\ui-v1.15.0\client\assets\provider-icons
[debug] [2026-01-25T14:13:03.272Z] [unzip] deflating: C:\Users\puria\.cache\firebase\emulators\ui-v1.15.0\client\assets\provider-icons\auth_service_email.svg
[debug] [2026-01-25T14:13:03.274Z] [unzip] Entry: client/assets/provider-icons/auth_service_google.svg (compressed_size=409 bytes, uncompressed_size=720 bytes)
[debug] [2026-01-25T14:13:03.274Z] [unzip] Processing entry: client\assets\provider-icons\auth_service_google.svg
[debug] [2026-01-25T14:13:03.275Z] [unzip] else mkdir: C:\Users\puria\.cache\firebase\emulators\ui-v1.15.0\client\assets\provider-icons
[debug] [2026-01-25T14:13:03.275Z] [unzip] deflating: C:\Users\puria\.cache\firebase\emulators\ui-v1.15.0\client\assets\provider-icons\auth_service_google.svg
[debug] [2026-01-25T14:13:03.285Z] [unzip] Entry: client/assets/provider-icons/auth_service_oidc.svg (compressed_size=414 bytes, uncompressed_size=858 bytes)
[debug] [2026-01-25T14:13:03.285Z] [unzip] Processing entry: client\assets\provider-icons\auth_service_oidc.svg
[debug] [2026-01-25T14:13:03.285Z] [unzip] else mkdir: C:\Users\puria\.cache\firebase\emulators\ui-v1.15.0\client\assets\provider-icons
[debug] [2026-01-25T14:13:03.288Z] [unzip] deflating: C:\Users\puria\.cache\firebase\emulators\ui-v1.15.0\client\assets\provider-icons\auth_service_oidc.svg
[debug] [2026-01-25T14:13:03.311Z] [unzip] Entry: client/browserconfig.xml (compressed_size=491 bytes, uncompressed_size=822 bytes)
[debug] [2026-01-25T14:13:03.311Z] [unzip] Processing entry: client\browserconfig.xml
[debug] [2026-01-25T14:13:03.311Z] [unzip] else mkdir: C:\Users\puria\.cache\firebase\emulators\ui-v1.15.0\client
[debug] [2026-01-25T14:13:03.314Z] [unzip] deflating: C:\Users\puria\.cache\firebase\emulators\ui-v1.15.0\client\browserconfig.xml
[debug] [2026-01-25T14:13:03.319Z] [unzip] Entry: client/favicon-32x32.png (compressed_size=475 bytes, uncompressed_size=475 bytes)
[debug] [2026-01-25T14:13:03.319Z] [unzip] Processing entry: client\favicon-32x32.png
[debug] [2026-01-25T14:13:03.319Z] [unzip] else mkdir: C:\Users\puria\.cache\firebase\emulators\ui-v1.15.0\client
[debug] [2026-01-25T14:13:03.321Z] [unzip] Writing file: C:\Users\puria\.cache\firebase\emulators\ui-v1.15.0\client\favicon-32x32.png
[debug] [2026-01-25T14:13:03.325Z] [unzip] Entry: server/ (compressed_size=0 bytes, uncompressed_size=0 bytes)
[debug] [2026-01-25T14:13:03.327Z] [unzip] Processing entry: server\
[debug] [2026-01-25T14:13:03.328Z] [unzip] mkdir: C:\Users\puria\.cache\firebase\emulators\ui-v1.15.0\server\
[debug] [2026-01-25T14:13:03.329Z] [unzip] Entry: server/server.mjs.map (compressed_size=217845 bytes, uncompressed_size=944978 bytes)
[debug] [2026-01-25T14:13:03.333Z] [unzip] Processing entry: server\server.mjs.map
[debug] [2026-01-25T14:13:03.333Z] [unzip] else mkdir: C:\Users\puria\.cache\firebase\emulators\ui-v1.15.0\server
[debug] [2026-01-25T14:13:03.335Z] [unzip] deflating: C:\Users\puria\.cache\firebase\emulators\ui-v1.15.0\server\server.mjs.map
[debug] [2026-01-25T14:13:03.372Z] [unzip] Entry: server/server.mjs (compressed_size=276407 bytes, uncompressed_size=933701 bytes)
[debug] [2026-01-25T14:13:03.372Z] [unzip] Processing entry: server\server.mjs
[debug] [2026-01-25T14:13:03.373Z] [unzip] else mkdir: C:\Users\puria\.cache\firebase\emulators\ui-v1.15.0\server
[debug] [2026-01-25T14:13:03.374Z] [unzip] deflating: C:\Users\puria\.cache\firebase\emulators\ui-v1.15.0\server\server.mjs
[info] i  functions: Watching "M:\naresh\sprintothon\functions" for Cloud Functions... {"metadata":{"emulator":{"name":"functions"},"message":"Watching \"M:\\naresh\\sprintothon\\functions\" for Cloud Functions..."}}
[debug] [2026-01-25T14:13:03.429Z] Validating nodejs source
[warn] !  functions: Couldn't find firebase-functions package in your source code. Have you run 'npm install'? 
[debug] [2026-01-25T14:13:03.432Z] getFunctionsSDKVersion encountered error: Cannot find module 'firebase-functions'
Require stack:
- C:\Users\puria\AppData\Roaming\nvm\v20.19.6\node_modules\firebase-tools\lib\deploy\functions\runtimes\node\versioning.js
- C:\Users\puria\AppData\Roaming\nvm\v20.19.6\node_modules\firebase-tools\lib\deploy\functions\runtimes\node\index.js
- C:\Users\puria\AppData\Roaming\nvm\v20.19.6\node_modules\firebase-tools\lib\deploy\functions\runtimes\index.js
- C:\Users\puria\AppData\Roaming\nvm\v20.19.6\node_modules\firebase-tools\lib\deploy\functions\prepare.js
- C:\Users\puria\AppData\Roaming\nvm\v20.19.6\node_modules\firebase-tools\lib\emulator\functionsEmulatorShared.js
- C:\Users\puria\AppData\Roaming\nvm\v20.19.6\node_modules\firebase-tools\lib\emulator\functionsEmulator.js
- C:\Users\puria\AppData\Roaming\nvm\v20.19.6\node_modules\firebase-tools\lib\emulator\controller.js
- C:\Users\puria\AppData\Roaming\nvm\v20.19.6\node_modules\firebase-tools\lib\commands\emulators-start.js
- C:\Users\puria\AppData\Roaming\nvm\v20.19.6\node_modules\firebase-tools\lib\commands\index.js
- C:\Users\puria\AppData\Roaming\nvm\v20.19.6\node_modules\firebase-tools\lib\index.js
- C:\Users\puria\AppData\Roaming\nvm\v20.19.6\node_modules\firebase-tools\lib\bin\cli.js
- C:\Users\puria\AppData\Roaming\nvm\v20.19.6\node_modules\firebase-tools\lib\bin\firebase.js {"code":"MODULE_NOT_FOUND","requireStack":["C:\\Users\\puria\\AppData\\Roaming\\nvm\\v20.19.6\\node_modules\\firebase-tools\\lib\\deploy\\functions\\runtimes\\node\\versioning.js","C:\\Users\\puria\\AppData\\Roaming\\nvm\\v20.19.6\\node_modules\\firebase-tools\\lib\\deploy\\functions\\runtimes\\node\\index.js","C:\\Users\\puria\\AppData\\Roaming\\nvm\\v20.19.6\\node_modules\\firebase-tools\\lib\\deploy\\functions\\runtimes\\index.js","C:\\Users\\puria\\AppData\\Roaming\\nvm\\v20.19.6\\node_modules\\firebase-tools\\lib\\deploy\\functions\\prepare.js","C:\\Users\\puria\\AppData\\Roaming\\nvm\\v20.19.6\\node_modules\\firebase-tools\\lib\\emulator\\functionsEmulatorShared.js","C:\\Users\\puria\\AppData\\Roaming\\nvm\\v20.19.6\\node_modules\\firebase-tools\\lib\\emulator\\functionsEmulator.js","C:\\Users\\puria\\AppData\\Roaming\\nvm\\v20.19.6\\node_modules\\firebase-tools\\lib\\emulator\\controller.js","C:\\Users\\puria\\AppData\\Roaming\\nvm\\v20.19.6\\node_modules\\firebase-tools\\lib\\commands\\emulators-start.js","C:\\Users\\puria\\AppData\\Roaming\\nvm\\v20.19.6\\node_modules\\firebase-tools\\lib\\commands\\index.js","C:\\Users\\puria\\AppData\\Roaming\\nvm\\v20.19.6\\node_modules\\firebase-tools\\lib\\index.js","C:\\Users\\puria\\AppData\\Roaming\\nvm\\v20.19.6\\node_modules\\firebase-tools\\lib\\bin\\cli.js","C:\\Users\\puria\\AppData\\Roaming\\nvm\\v20.19.6\\node_modules\\firebase-tools\\lib\\bin\\firebase.js"]}
[debug] [2026-01-25T14:13:03.434Z] checkFunctionsSDKVersion encountered error: Invalid Version:  {}
[debug] [2026-01-25T14:13:03.435Z] > [functions] package.json contents: {
  "name": "functions",
  "description": "Cloud Functions for Firebase",
  "scripts": {
    "lint": "eslint .",
    "dev": "firebase emulators:start --inspect-functions --only functions",
    "serve": "firebase emulators:start --only functions",
    "shell": "firebase functions:shell",
    "start": "npm run shell",
    "deploy": "firebase deploy --only functions",
    "logs": "firebase functions:log"
  },
  "engines": {
    "node": "24"
  },
  "main": "index.js",
  "dependencies": {
    "cors": "^2.8.5",
    "firebase-admin": "^13.6.0",
    "firebase-functions": "^7.0.0",
    "razorpay": "^2.9.6"
  },
  "devDependencies": {
    "@typescript-eslint/eslint-plugin": "^8.50.1",
    "@typescript-eslint/parser": "^8.50.1",
    "eslint": "^9.39.2",
    "eslint-config-google": "^0.14.0",
    "firebase-functions-test": "^3.4.1"
  },
  "private": true
}
[debug] [2026-01-25T14:13:03.435Z] Building nodejs source
[debug] [2026-01-25T14:13:03.437Z] Failed to find version of module node: reached end of search path M:\naresh\sprintothon\functions\node_modules
[warn] !  functions: Your requested "node" version "24" doesn't match your global version "20". Using node@20 from host. 
[debug] [2026-01-25T14:13:03.440Z] Could not parse firebase-functions version '' into semver.
[debug] [2026-01-25T14:13:03.441Z] Could not find functions.yaml. Must use http discovery
[error] !!  functions: Failed to load function definition from source: Error: Cannot find module 'firebase-functions'
Require stack:
- C:\Users\puria\AppData\Roaming\nvm\v20.19.6\node_modules\firebase-tools\lib\deploy\functions\runtimes\node\index.js
- C:\Users\puria\AppData\Roaming\nvm\v20.19.6\node_modules\firebase-tools\lib\deploy\functions\runtimes\index.js
- C:\Users\puria\AppData\Roaming\nvm\v20.19.6\node_modules\firebase-tools\lib\deploy\functions\prepare.js
- C:\Users\puria\AppData\Roaming\nvm\v20.19.6\node_modules\firebase-tools\lib\emulator\functionsEmulatorShared.js
- C:\Users\puria\AppData\Roaming\nvm\v20.19.6\node_modules\firebase-tools\lib\emulator\functionsEmulator.js
- C:\Users\puria\AppData\Roaming\nvm\v20.19.6\node_modules\firebase-tools\lib\emulator\controller.js
- C:\Users\puria\AppData\Roaming\nvm\v20.19.6\node_modules\firebase-tools\lib\commands\emulators-start.js
- C:\Users\puria\AppData\Roaming\nvm\v20.19.6\node_modules\firebase-tools\lib\commands\index.js
- C:\Users\puria\AppData\Roaming\nvm\v20.19.6\node_modules\firebase-tools\lib\index.js
- C:\Users\puria\AppData\Roaming\nvm\v20.19.6\node_modules\firebase-tools\lib\bin\cli.js
- C:\Users\puria\AppData\Roaming\nvm\v20.19.6\node_modules\firebase-tools\lib\bin\firebase.js {"metadata":{"emulator":{"name":"functions"},"message":"Failed to load function definition from source: Error: Cannot find module 'firebase-functions'\nRequire stack:\n- C:\\Users\\puria\\AppData\\Roaming\\nvm\\v20.19.6\\node_modules\\firebase-tools\\lib\\deploy\\functions\\runtimes\\node\\index.js\n- C:\\Users\\puria\\AppData\\Roaming\\nvm\\v20.19.6\\node_modules\\firebase-tools\\lib\\deploy\\functions\\runtimes\\index.js\n- C:\\Users\\puria\\AppData\\Roaming\\nvm\\v20.19.6\\node_modules\\firebase-tools\\lib\\deploy\\functions\\prepare.js\n- C:\\Users\\puria\\AppData\\Roaming\\nvm\\v20.19.6\\node_modules\\firebase-tools\\lib\\emulator\\functionsEmulatorShared.js\n- C:\\Users\\puria\\AppData\\Roaming\\nvm\\v20.19.6\\node_modules\\firebase-tools\\lib\\emulator\\functionsEmulator.js\n- C:\\Users\\puria\\AppData\\Roaming\\nvm\\v20.19.6\\node_modules\\firebase-tools\\lib\\emulator\\controller.js\n- C:\\Users\\puria\\AppData\\Roaming\\nvm\\v20.19.6\\node_modules\\firebase-tools\\lib\\commands\\emulators-start.js\n- C:\\Users\\puria\\AppData\\Roaming\\nvm\\v20.19.6\\node_modules\\firebase-tools\\lib\\commands\\index.js\n- C:\\Users\\puria\\AppData\\Roaming\\nvm\\v20.19.6\\node_modules\\firebase-tools\\lib\\index.js\n- C:\\Users\\puria\\AppData\\Roaming\\nvm\\v20.19.6\\node_modules\\firebase-tools\\lib\\bin\\cli.js\n- C:\\Users\\puria\\AppData\\Roaming\\nvm\\v20.19.6\\node_modules\\firebase-tools\\lib\\bin\\firebase.js"}}
[debug] [2026-01-25T14:13:03.497Z] Could not find VSCode notification endpoint: FetchError: request to http://localhost:40001/vscode/notify failed, reason: . If you are not running the Firebase Data Connect VSCode extension, this is expected and not an issue.
[info] 
┌─────────────────────────────────────────────────────────────┐
│ ✔  All emulators ready! It is now safe to connect your app. │
│ i  View Emulator UI at http://127.0.0.1:4000/               │
└─────────────────────────────────────────────────────────────┘

┌───────────┬────────────────┬─────────────────────────────────┐
│ Emulator  │ Host:Port      │ View in Emulator UI             │
├───────────┼────────────────┼─────────────────────────────────┤
│ Functions │ 127.0.0.1:5001 │ http://127.0.0.1:4000/functions │
└───────────┴────────────────┴─────────────────────────────────┘
  Emulator Hub host: 127.0.0.1 port: 4400
  Other reserved ports: 4500

Issues? Report them at https://github.com/firebase/firebase-tools/issues and attach the *-debug.log files.
 
[debug] [2026-01-25T14:13:11.646Z] File M:\naresh\sprintothon\functions\index.js changed, reloading triggers {"metadata":{"emulator":{"name":"functions"},"message":"File M:\\naresh\\sprintothon\\functions\\index.js changed, reloading triggers"}}
[debug] [2026-01-25T14:13:12.655Z] Validating nodejs source
[warn] !  functions: Couldn't find firebase-functions package in your source code. Have you run 'npm install'? 
[debug] [2026-01-25T14:13:12.657Z] getFunctionsSDKVersion encountered error: Cannot find module 'firebase-functions'
Require stack:
- C:\Users\puria\AppData\Roaming\nvm\v20.19.6\node_modules\firebase-tools\lib\deploy\functions\runtimes\node\versioning.js
- C:\Users\puria\AppData\Roaming\nvm\v20.19.6\node_modules\firebase-tools\lib\deploy\functions\runtimes\node\index.js
- C:\Users\puria\AppData\Roaming\nvm\v20.19.6\node_modules\firebase-tools\lib\deploy\functions\runtimes\index.js
- C:\Users\puria\AppData\Roaming\nvm\v20.19.6\node_modules\firebase-tools\lib\deploy\functions\prepare.js
- C:\Users\puria\AppData\Roaming\nvm\v20.19.6\node_modules\firebase-tools\lib\emulator\functionsEmulatorShared.js
- C:\Users\puria\AppData\Roaming\nvm\v20.19.6\node_modules\firebase-tools\lib\emulator\functionsEmulator.js
- C:\Users\puria\AppData\Roaming\nvm\v20.19.6\node_modules\firebase-tools\lib\emulator\controller.js
- C:\Users\puria\AppData\Roaming\nvm\v20.19.6\node_modules\firebase-tools\lib\commands\emulators-start.js
- C:\Users\puria\AppData\Roaming\nvm\v20.19.6\node_modules\firebase-tools\lib\commands\index.js
- C:\Users\puria\AppData\Roaming\nvm\v20.19.6\node_modules\firebase-tools\lib\index.js
- C:\Users\puria\AppData\Roaming\nvm\v20.19.6\node_modules\firebase-tools\lib\bin\cli.js
- C:\Users\puria\AppData\Roaming\nvm\v20.19.6\node_modules\firebase-tools\lib\bin\firebase.js {"code":"MODULE_NOT_FOUND","requireStack":["C:\\Users\\puria\\AppData\\Roaming\\nvm\\v20.19.6\\node_modules\\firebase-tools\\lib\\deploy\\functions\\runtimes\\node\\versioning.js","C:\\Users\\puria\\AppData\\Roaming\\nvm\\v20.19.6\\node_modules\\firebase-tools\\lib\\deploy\\functions\\runtimes\\node\\index.js","C:\\Users\\puria\\AppData\\Roaming\\nvm\\v20.19.6\\node_modules\\firebase-tools\\lib\\deploy\\functions\\runtimes\\index.js","C:\\Users\\puria\\AppData\\Roaming\\nvm\\v20.19.6\\node_modules\\firebase-tools\\lib\\deploy\\functions\\prepare.js","C:\\Users\\puria\\AppData\\Roaming\\nvm\\v20.19.6\\node_modules\\firebase-tools\\lib\\emulator\\functionsEmulatorShared.js","C:\\Users\\puria\\AppData\\Roaming\\nvm\\v20.19.6\\node_modules\\firebase-tools\\lib\\emulator\\functionsEmulator.js","C:\\Users\\puria\\AppData\\Roaming\\nvm\\v20.19.6\\node_modules\\firebase-tools\\lib\\emulator\\controller.js","C:\\Users\\puria\\AppData\\Roaming\\nvm\\v20.19.6\\node_modules\\firebase-tools\\lib\\commands\\emulators-start.js","C:\\Users\\puria\\AppData\\Roaming\\nvm\\v20.19.6\\node_modules\\firebase-tools\\lib\\commands\\index.js","C:\\Users\\puria\\AppData\\Roaming\\nvm\\v20.19.6\\node_modules\\firebase-tools\\lib\\index.js","C:\\Users\\puria\\AppData\\Roaming\\nvm\\v20.19.6\\node_modules\\firebase-tools\\lib\\bin\\cli.js","C:\\Users\\puria\\AppData\\Roaming\\nvm\\v20.19.6\\node_modules\\firebase-tools\\lib\\bin\\firebase.js"]}
[debug] [2026-01-25T14:13:12.658Z] checkFunctionsSDKVersion encountered error: Invalid Version:  {}
[debug] [2026-01-25T14:13:12.659Z] > [functions] package.json contents: {
  "name": "functions",
  "description": "Cloud Functions for Firebase",
  "scripts": {
    "lint": "eslint .",
    "dev": "firebase emulators:start --inspect-functions --only functions",
    "serve": "firebase emulators:start --only functions",
    "shell": "firebase functions:shell",
    "start": "npm run shell",
    "deploy": "firebase deploy --only functions",
    "logs": "firebase functions:log"
  },
  "engines": {
    "node": "24"
  },
  "main": "index.js",
  "dependencies": {
    "cors": "^2.8.5",
    "firebase-admin": "^13.6.0",
    "firebase-functions": "^7.0.0",
    "razorpay": "^2.9.6"
  },
  "devDependencies": {
    "@typescript-eslint/eslint-plugin": "^8.50.1",
    "@typescript-eslint/parser": "^8.50.1",
    "eslint": "^9.39.2",
    "eslint-config-google": "^0.14.0",
    "firebase-functions-test": "^3.4.1"
  },
  "private": true
}
[debug] [2026-01-25T14:13:12.659Z] Building nodejs source
[debug] [2026-01-25T14:13:12.659Z] Failed to find version of module node: reached end of search path M:\naresh\sprintothon\functions\node_modules
[warn] !  functions: Your requested "node" version "24" doesn't match your global version "20". Using node@20 from host. 
[debug] [2026-01-25T14:13:12.661Z] Could not parse firebase-functions version '' into semver.
[debug] [2026-01-25T14:13:12.661Z] Could not find functions.yaml. Must use http discovery
[error] !!  functions: Failed to load function definition from source: Error: Cannot find module 'firebase-functions'
Require stack:
- C:\Users\puria\AppData\Roaming\nvm\v20.19.6\node_modules\firebase-tools\lib\deploy\functions\runtimes\node\index.js
- C:\Users\puria\AppData\Roaming\nvm\v20.19.6\node_modules\firebase-tools\lib\deploy\functions\runtimes\index.js
- C:\Users\puria\AppData\Roaming\nvm\v20.19.6\node_modules\firebase-tools\lib\deploy\functions\prepare.js
- C:\Users\puria\AppData\Roaming\nvm\v20.19.6\node_modules\firebase-tools\lib\emulator\functionsEmulatorShared.js
- C:\Users\puria\AppData\Roaming\nvm\v20.19.6\node_modules\firebase-tools\lib\emulator\functionsEmulator.js
- C:\Users\puria\AppData\Roaming\nvm\v20.19.6\node_modules\firebase-tools\lib\emulator\controller.js
- C:\Users\puria\AppData\Roaming\nvm\v20.19.6\node_modules\firebase-tools\lib\commands\emulators-start.js
- C:\Users\puria\AppData\Roaming\nvm\v20.19.6\node_modules\firebase-tools\lib\commands\index.js
- C:\Users\puria\AppData\Roaming\nvm\v20.19.6\node_modules\firebase-tools\lib\index.js
- C:\Users\puria\AppData\Roaming\nvm\v20.19.6\node_modules\firebase-tools\lib\bin\cli.js
- C:\Users\puria\AppData\Roaming\nvm\v20.19.6\node_modules\firebase-tools\lib\bin\firebase.js {"metadata":{"emulator":{"name":"functions"},"message":"Failed to load function definition from source: Error: Cannot find module 'firebase-functions'\nRequire stack:\n- C:\\Users\\puria\\AppData\\Roaming\\nvm\\v20.19.6\\node_modules\\firebase-tools\\lib\\deploy\\functions\\runtimes\\node\\index.js\n- C:\\Users\\puria\\AppData\\Roaming\\nvm\\v20.19.6\\node_modules\\firebase-tools\\lib\\deploy\\functions\\runtimes\\index.js\n- C:\\Users\\puria\\AppData\\Roaming\\nvm\\v20.19.6\\node_modules\\firebase-tools\\lib\\deploy\\functions\\prepare.js\n- C:\\Users\\puria\\AppData\\Roaming\\nvm\\v20.19.6\\node_modules\\firebase-tools\\lib\\emulator\\functionsEmulatorShared.js\n- C:\\Users\\puria\\AppData\\Roaming\\nvm\\v20.19.6\\node_modules\\firebase-tools\\lib\\emulator\\functionsEmulator.js\n- C:\\Users\\puria\\AppData\\Roaming\\nvm\\v20.19.6\\node_modules\\firebase-tools\\lib\\emulator\\controller.js\n- C:\\Users\\puria\\AppData\\Roaming\\nvm\\v20.19.6\\node_modules\\firebase-tools\\lib\\commands\\emulators-start.js\n- C:\\Users\\puria\\AppData\\Roaming\\nvm\\v20.19.6\\node_modules\\firebase-tools\\lib\\commands\\index.js\n- C:\\Users\\puria\\AppData\\Roaming\\nvm\\v20.19.6\\node_modules\\firebase-tools\\lib\\index.js\n- C:\\Users\\puria\\AppData\\Roaming\\nvm\\v20.19.6\\node_modules\\firebase-tools\\lib\\bin\\cli.js\n- C:\\Users\\puria\\AppData\\Roaming\\nvm\\v20.19.6\\node_modules\\firebase-tools\\lib\\bin\\firebase.js"}}
[debug] [2026-01-25T14:13:19.398Z] File M:\naresh\sprintothon\functions\index.js changed, reloading triggers {"metadata":{"emulator":{"name":"functions"},"message":"File M:\\naresh\\sprintothon\\functions\\index.js changed, reloading triggers"}}
[debug] [2026-01-25T14:13:20.408Z] Validating nodejs source
[warn] !  functions: Couldn't find firebase-functions package in your source code. Have you run 'npm install'? 
[debug] [2026-01-25T14:13:20.410Z] getFunctionsSDKVersion encountered error: Cannot find module 'firebase-functions'
Require stack:
- C:\Users\puria\AppData\Roaming\nvm\v20.19.6\node_modules\firebase-tools\lib\deploy\functions\runtimes\node\versioning.js
- C:\Users\puria\AppData\Roaming\nvm\v20.19.6\node_modules\firebase-tools\lib\deploy\functions\runtimes\node\index.js
- C:\Users\puria\AppData\Roaming\nvm\v20.19.6\node_modules\firebase-tools\lib\deploy\functions\runtimes\index.js
- C:\Users\puria\AppData\Roaming\nvm\v20.19.6\node_modules\firebase-tools\lib\deploy\functions\prepare.js
- C:\Users\puria\AppData\Roaming\nvm\v20.19.6\node_modules\firebase-tools\lib\emulator\functionsEmulatorShared.js
- C:\Users\puria\AppData\Roaming\nvm\v20.19.6\node_modules\firebase-tools\lib\emulator\functionsEmulator.js
- C:\Users\puria\AppData\Roaming\nvm\v20.19.6\node_modules\firebase-tools\lib\emulator\controller.js
- C:\Users\puria\AppData\Roaming\nvm\v20.19.6\node_modules\firebase-tools\lib\commands\emulators-start.js
- C:\Users\puria\AppData\Roaming\nvm\v20.19.6\node_modules\firebase-tools\lib\commands\index.js
- C:\Users\puria\AppData\Roaming\nvm\v20.19.6\node_modules\firebase-tools\lib\index.js
- C:\Users\puria\AppData\Roaming\nvm\v20.19.6\node_modules\firebase-tools\lib\bin\cli.js
- C:\Users\puria\AppData\Roaming\nvm\v20.19.6\node_modules\firebase-tools\lib\bin\firebase.js {"code":"MODULE_NOT_FOUND","requireStack":["C:\\Users\\puria\\AppData\\Roaming\\nvm\\v20.19.6\\node_modules\\firebase-tools\\lib\\deploy\\functions\\runtimes\\node\\versioning.js","C:\\Users\\puria\\AppData\\Roaming\\nvm\\v20.19.6\\node_modules\\firebase-tools\\lib\\deploy\\functions\\runtimes\\node\\index.js","C:\\Users\\puria\\AppData\\Roaming\\nvm\\v20.19.6\\node_modules\\firebase-tools\\lib\\deploy\\functions\\runtimes\\index.js","C:\\Users\\puria\\AppData\\Roaming\\nvm\\v20.19.6\\node_modules\\firebase-tools\\lib\\deploy\\functions\\prepare.js","C:\\Users\\puria\\AppData\\Roaming\\nvm\\v20.19.6\\node_modules\\firebase-tools\\lib\\emulator\\functionsEmulatorShared.js","C:\\Users\\puria\\AppData\\Roaming\\nvm\\v20.19.6\\node_modules\\firebase-tools\\lib\\emulator\\functionsEmulator.js","C:\\Users\\puria\\AppData\\Roaming\\nvm\\v20.19.6\\node_modules\\firebase-tools\\lib\\emulator\\controller.js","C:\\Users\\puria\\AppData\\Roaming\\nvm\\v20.19.6\\node_modules\\firebase-tools\\lib\\commands\\emulators-start.js","C:\\Users\\puria\\AppData\\Roaming\\nvm\\v20.19.6\\node_modules\\firebase-tools\\lib\\commands\\index.js","C:\\Users\\puria\\AppData\\Roaming\\nvm\\v20.19.6\\node_modules\\firebase-tools\\lib\\index.js","C:\\Users\\puria\\AppData\\Roaming\\nvm\\v20.19.6\\node_modules\\firebase-tools\\lib\\bin\\cli.js","C:\\Users\\puria\\AppData\\Roaming\\nvm\\v20.19.6\\node_modules\\firebase-tools\\lib\\bin\\firebase.js"]}
[debug] [2026-01-25T14:13:20.410Z] checkFunctionsSDKVersion encountered error: Invalid Version:  {}
[debug] [2026-01-25T14:13:20.411Z] > [functions] package.json contents: {
  "name": "functions",
  "description": "Cloud Functions for Firebase",
  "scripts": {
    "lint": "eslint .",
    "dev": "firebase emulators:start --inspect-functions --only functions",
    "serve": "firebase emulators:start --only functions",
    "shell": "firebase functions:shell",
    "start": "npm run shell",
    "deploy": "firebase deploy --only functions",
    "logs": "firebase functions:log"
  },
  "engines": {
    "node": "24"
  },
  "main": "index.js",
  "dependencies": {
    "cors": "^2.8.5",
    "firebase-admin": "^13.6.0",
    "firebase-functions": "^7.0.0",
    "razorpay": "^2.9.6"
  },
  "devDependencies": {
    "@typescript-eslint/eslint-plugin": "^8.50.1",
    "@typescript-eslint/parser": "^8.50.1",
    "eslint": "^9.39.2",
    "eslint-config-google": "^0.14.0",
    "firebase-functions-test": "^3.4.1"
  },
  "private": true
}
[debug] [2026-01-25T14:13:20.411Z] Building nodejs source
[debug] [2026-01-25T14:13:20.411Z] Failed to find version of module node: reached end of search path M:\naresh\sprintothon\functions\node_modules
[warn] !  functions: Your requested "node" version "24" doesn't match your global version "20". Using node@20 from host. 
[debug] [2026-01-25T14:13:20.412Z] Could not parse firebase-functions version '' into semver.
[debug] [2026-01-25T14:13:20.413Z] Could not find functions.yaml. Must use http discovery
[error] !!  functions: Failed to load function definition from source: Error: Cannot find module 'firebase-functions'
Require stack:
- C:\Users\puria\AppData\Roaming\nvm\v20.19.6\node_modules\firebase-tools\lib\deploy\functions\runtimes\node\index.js
- C:\Users\puria\AppData\Roaming\nvm\v20.19.6\node_modules\firebase-tools\lib\deploy\functions\runtimes\index.js
- C:\Users\puria\AppData\Roaming\nvm\v20.19.6\node_modules\firebase-tools\lib\deploy\functions\prepare.js
- C:\Users\puria\AppData\Roaming\nvm\v20.19.6\node_modules\firebase-tools\lib\emulator\functionsEmulatorShared.js
- C:\Users\puria\AppData\Roaming\nvm\v20.19.6\node_modules\firebase-tools\lib\emulator\functionsEmulator.js
- C:\Users\puria\AppData\Roaming\nvm\v20.19.6\node_modules\firebase-tools\lib\emulator\controller.js
- C:\Users\puria\AppData\Roaming\nvm\v20.19.6\node_modules\firebase-tools\lib\commands\emulators-start.js
- C:\Users\puria\AppData\Roaming\nvm\v20.19.6\node_modules\firebase-tools\lib\commands\index.js
- C:\Users\puria\AppData\Roaming\nvm\v20.19.6\node_modules\firebase-tools\lib\index.js
- C:\Users\puria\AppData\Roaming\nvm\v20.19.6\node_modules\firebase-tools\lib\bin\cli.js
- C:\Users\puria\AppData\Roaming\nvm\v20.19.6\node_modules\firebase-tools\lib\bin\firebase.js {"metadata":{"emulator":{"name":"functions"},"message":"Failed to load function definition from source: Error: Cannot find module 'firebase-functions'\nRequire stack:\n- C:\\Users\\puria\\AppData\\Roaming\\nvm\\v20.19.6\\node_modules\\firebase-tools\\lib\\deploy\\functions\\runtimes\\node\\index.js\n- C:\\Users\\puria\\AppData\\Roaming\\nvm\\v20.19.6\\node_modules\\firebase-tools\\lib\\deploy\\functions\\runtimes\\index.js\n- C:\\Users\\puria\\AppData\\Roaming\\nvm\\v20.19.6\\node_modules\\firebase-tools\\lib\\deploy\\functions\\prepare.js\n- C:\\Users\\puria\\AppData\\Roaming\\nvm\\v20.19.6\\node_modules\\firebase-tools\\lib\\emulator\\functionsEmulatorShared.js\n- C:\\Users\\puria\\AppData\\Roaming\\nvm\\v20.19.6\\node_modules\\firebase-tools\\lib\\emulator\\functionsEmulator.js\n- C:\\Users\\puria\\AppData\\Roaming\\nvm\\v20.19.6\\node_modules\\firebase-tools\\lib\\emulator\\controller.js\n- C:\\Users\\puria\\AppData\\Roaming\\nvm\\v20.19.6\\node_modules\\firebase-tools\\lib\\commands\\emulators-start.js\n- C:\\Users\\puria\\AppData\\Roaming\\nvm\\v20.19.6\\node_modules\\firebase-tools\\lib\\commands\\index.js\n- C:\\Users\\puria\\AppData\\Roaming\\nvm\\v20.19.6\\node_modules\\firebase-tools\\lib\\index.js\n- C:\\Users\\puria\\AppData\\Roaming\\nvm\\v20.19.6\\node_modules\\firebase-tools\\lib\\bin\\cli.js\n- C:\\Users\\puria\\AppData\\Roaming\\nvm\\v20.19.6\\node_modules\\firebase-tools\\lib\\bin\\firebase.js"}}
[debug] [2026-01-25T14:13:32.115Z] File M:\naresh\sprintothon\functions\index.js changed, reloading triggers {"metadata":{"emulator":{"name":"functions"},"message":"File M:\\naresh\\sprintothon\\functions\\index.js changed, reloading triggers"}}
[debug] [2026-01-25T14:13:33.123Z] Validating nodejs source
[warn] !  functions: Couldn't find firebase-functions package in your source code. Have you run 'npm install'? 
[debug] [2026-01-25T14:13:33.124Z] getFunctionsSDKVersion encountered error: Cannot find module 'firebase-functions'
Require stack:
- C:\Users\puria\AppData\Roaming\nvm\v20.19.6\node_modules\firebase-tools\lib\deploy\functions\runtimes\node\versioning.js
- C:\Users\puria\AppData\Roaming\nvm\v20.19.6\node_modules\firebase-tools\lib\deploy\functions\runtimes\node\index.js
- C:\Users\puria\AppData\Roaming\nvm\v20.19.6\node_modules\firebase-tools\lib\deploy\functions\runtimes\index.js
- C:\Users\puria\AppData\Roaming\nvm\v20.19.6\node_modules\firebase-tools\lib\deploy\functions\prepare.js
- C:\Users\puria\AppData\Roaming\nvm\v20.19.6\node_modules\firebase-tools\lib\emulator\functionsEmulatorShared.js
- C:\Users\puria\AppData\Roaming\nvm\v20.19.6\node_modules\firebase-tools\lib\emulator\functionsEmulator.js
- C:\Users\puria\AppData\Roaming\nvm\v20.19.6\node_modules\firebase-tools\lib\emulator\controller.js
- C:\Users\puria\AppData\Roaming\nvm\v20.19.6\node_modules\firebase-tools\lib\commands\emulators-start.js
- C:\Users\puria\AppData\Roaming\nvm\v20.19.6\node_modules\firebase-tools\lib\commands\index.js
- C:\Users\puria\AppData\Roaming\nvm\v20.19.6\node_modules\firebase-tools\lib\index.js
- C:\Users\puria\AppData\Roaming\nvm\v20.19.6\node_modules\firebase-tools\lib\bin\cli.js
- C:\Users\puria\AppData\Roaming\nvm\v20.19.6\node_modules\firebase-tools\lib\bin\firebase.js {"code":"MODULE_NOT_FOUND","requireStack":["C:\\Users\\puria\\AppData\\Roaming\\nvm\\v20.19.6\\node_modules\\firebase-tools\\lib\\deploy\\functions\\runtimes\\node\\versioning.js","C:\\Users\\puria\\AppData\\Roaming\\nvm\\v20.19.6\\node_modules\\firebase-tools\\lib\\deploy\\functions\\runtimes\\node\\index.js","C:\\Users\\puria\\AppData\\Roaming\\nvm\\v20.19.6\\node_modules\\firebase-tools\\lib\\deploy\\functions\\runtimes\\index.js","C:\\Users\\puria\\AppData\\Roaming\\nvm\\v20.19.6\\node_modules\\firebase-tools\\lib\\deploy\\functions\\prepare.js","C:\\Users\\puria\\AppData\\Roaming\\nvm\\v20.19.6\\node_modules\\firebase-tools\\lib\\emulator\\functionsEmulatorShared.js","C:\\Users\\puria\\AppData\\Roaming\\nvm\\v20.19.6\\node_modules\\firebase-tools\\lib\\emulator\\functionsEmulator.js","C:\\Users\\puria\\AppData\\Roaming\\nvm\\v20.19.6\\node_modules\\firebase-tools\\lib\\emulator\\controller.js","C:\\Users\\puria\\AppData\\Roaming\\nvm\\v20.19.6\\node_modules\\firebase-tools\\lib\\commands\\emulators-start.js","C:\\Users\\puria\\AppData\\Roaming\\nvm\\v20.19.6\\node_modules\\firebase-tools\\lib\\commands\\index.js","C:\\Users\\puria\\AppData\\Roaming\\nvm\\v20.19.6\\node_modules\\firebase-tools\\lib\\index.js","C:\\Users\\puria\\AppData\\Roaming\\nvm\\v20.19.6\\node_modules\\firebase-tools\\lib\\bin\\cli.js","C:\\Users\\puria\\AppData\\Roaming\\nvm\\v20.19.6\\node_modules\\firebase-tools\\lib\\bin\\firebase.js"]}
[debug] [2026-01-25T14:13:33.125Z] checkFunctionsSDKVersion encountered error: Invalid Version:  {}
[debug] [2026-01-25T14:13:33.126Z] > [functions] package.json contents: {
  "name": "functions",
  "description": "Cloud Functions for Firebase",
  "scripts": {
    "lint": "eslint .",
    "dev": "firebase emulators:start --inspect-functions --only functions",
    "serve": "firebase emulators:start --only functions",
    "shell": "firebase functions:shell",
    "start": "npm run shell",
    "deploy": "firebase deploy --only functions",
    "logs": "firebase functions:log"
  },
  "engines": {
    "node": "24"
  },
  "main": "index.js",
  "dependencies": {
    "cors": "^2.8.5",
    "firebase-admin": "^13.6.0",
    "firebase-functions": "^7.0.0",
    "razorpay": "^2.9.6"
  },
  "devDependencies": {
    "@typescript-eslint/eslint-plugin": "^8.50.1",
    "@typescript-eslint/parser": "^8.50.1",
    "eslint": "^9.39.2",
    "eslint-config-google": "^0.14.0",
    "firebase-functions-test": "^3.4.1"
  },
  "private": true
}
[debug] [2026-01-25T14:13:33.127Z] Building nodejs source
[debug] [2026-01-25T14:13:33.127Z] Failed to find version of module node: reached end of search path M:\naresh\sprintothon\functions\node_modules
[warn] !  functions: Your requested "node" version "24" doesn't match your global version "20". Using node@20 from host. 
[debug] [2026-01-25T14:13:33.128Z] Could not parse firebase-functions version '' into semver.
[debug] [2026-01-25T14:13:33.129Z] Could not find functions.yaml. Must use http discovery
[error] !!  functions: Failed to load function definition from source: Error: Cannot find module 'firebase-functions'
Require stack:
- C:\Users\puria\AppData\Roaming\nvm\v20.19.6\node_modules\firebase-tools\lib\deploy\functions\runtimes\node\index.js
- C:\Users\puria\AppData\Roaming\nvm\v20.19.6\node_modules\firebase-tools\lib\deploy\functions\runtimes\index.js
- C:\Users\puria\AppData\Roaming\nvm\v20.19.6\node_modules\firebase-tools\lib\deploy\functions\prepare.js
- C:\Users\puria\AppData\Roaming\nvm\v20.19.6\node_modules\firebase-tools\lib\emulator\functionsEmulatorShared.js
- C:\Users\puria\AppData\Roaming\nvm\v20.19.6\node_modules\firebase-tools\lib\emulator\functionsEmulator.js
- C:\Users\puria\AppData\Roaming\nvm\v20.19.6\node_modules\firebase-tools\lib\emulator\controller.js
- C:\Users\puria\AppData\Roaming\nvm\v20.19.6\node_modules\firebase-tools\lib\commands\emulators-start.js
- C:\Users\puria\AppData\Roaming\nvm\v20.19.6\node_modules\firebase-tools\lib\commands\index.js
- C:\Users\puria\AppData\Roaming\nvm\v20.19.6\node_modules\firebase-tools\lib\index.js
- C:\Users\puria\AppData\Roaming\nvm\v20.19.6\node_modules\firebase-tools\lib\bin\cli.js
- C:\Users\puria\AppData\Roaming\nvm\v20.19.6\node_modules\firebase-tools\lib\bin\firebase.js {"metadata":{"emulator":{"name":"functions"},"message":"Failed to load function definition from source: Error: Cannot find module 'firebase-functions'\nRequire stack:\n- C:\\Users\\puria\\AppData\\Roaming\\nvm\\v20.19.6\\node_modules\\firebase-tools\\lib\\deploy\\functions\\runtimes\\node\\index.js\n- C:\\Users\\puria\\AppData\\Roaming\\nvm\\v20.19.6\\node_modules\\firebase-tools\\lib\\deploy\\functions\\runtimes\\index.js\n- C:\\Users\\puria\\AppData\\Roaming\\nvm\\v20.19.6\\node_modules\\firebase-tools\\lib\\deploy\\functions\\prepare.js\n- C:\\Users\\puria\\AppData\\Roaming\\nvm\\v20.19.6\\node_modules\\firebase-tools\\lib\\emulator\\functionsEmulatorShared.js\n- C:\\Users\\puria\\AppData\\Roaming\\nvm\\v20.19.6\\node_modules\\firebase-tools\\lib\\emulator\\functionsEmulator.js\n- C:\\Users\\puria\\AppData\\Roaming\\nvm\\v20.19.6\\node_modules\\firebase-tools\\lib\\emulator\\controller.js\n- C:\\Users\\puria\\AppData\\Roaming\\nvm\\v20.19.6\\node_modules\\firebase-tools\\lib\\commands\\emulators-start.js\n- C:\\Users\\puria\\AppData\\Roaming\\nvm\\v20.19.6\\node_modules\\firebase-tools\\lib\\commands\\index.js\n- C:\\Users\\puria\\AppData\\Roaming\\nvm\\v20.19.6\\node_modules\\firebase-tools\\lib\\index.js\n- C:\\Users\\puria\\AppData\\Roaming\\nvm\\v20.19.6\\node_modules\\firebase-tools\\lib\\bin\\cli.js\n- C:\\Users\\puria\\AppData\\Roaming\\nvm\\v20.19.6\\node_modules\\firebase-tools\\lib\\bin\\firebase.js"}}
[debug] [2026-01-25T14:14:50.284Z] File M:\naresh\sprintothon\functions\index.js changed, reloading triggers {"metadata":{"emulator":{"name":"functions"},"message":"File M:\\naresh\\sprintothon\\functions\\index.js changed, reloading triggers"}}
[debug] [2026-01-25T14:14:50.375Z] File M:\naresh\sprintothon\functions\index.js changed, reloading triggers {"metadata":{"emulator":{"name":"functions"},"message":"File M:\\naresh\\sprintothon\\functions\\index.js changed, reloading triggers"}}
[debug] [2026-01-25T14:14:51.387Z] Validating nodejs source
[warn] !  functions: Couldn't find firebase-functions package in your source code. Have you run 'npm install'? 
[debug] [2026-01-25T14:14:51.396Z] getFunctionsSDKVersion encountered error: Cannot find module 'firebase-functions'
Require stack:
- C:\Users\puria\AppData\Roaming\nvm\v20.19.6\node_modules\firebase-tools\lib\deploy\functions\runtimes\node\versioning.js
- C:\Users\puria\AppData\Roaming\nvm\v20.19.6\node_modules\firebase-tools\lib\deploy\functions\runtimes\node\index.js
- C:\Users\puria\AppData\Roaming\nvm\v20.19.6\node_modules\firebase-tools\lib\deploy\functions\runtimes\index.js
- C:\Users\puria\AppData\Roaming\nvm\v20.19.6\node_modules\firebase-tools\lib\deploy\functions\prepare.js
- C:\Users\puria\AppData\Roaming\nvm\v20.19.6\node_modules\firebase-tools\lib\emulator\functionsEmulatorShared.js
- C:\Users\puria\AppData\Roaming\nvm\v20.19.6\node_modules\firebase-tools\lib\emulator\functionsEmulator.js
- C:\Users\puria\AppData\Roaming\nvm\v20.19.6\node_modules\firebase-tools\lib\emulator\controller.js
- C:\Users\puria\AppData\Roaming\nvm\v20.19.6\node_modules\firebase-tools\lib\commands\emulators-start.js
- C:\Users\puria\AppData\Roaming\nvm\v20.19.6\node_modules\firebase-tools\lib\commands\index.js
- C:\Users\puria\AppData\Roaming\nvm\v20.19.6\node_modules\firebase-tools\lib\index.js
- C:\Users\puria\AppData\Roaming\nvm\v20.19.6\node_modules\firebase-tools\lib\bin\cli.js
- C:\Users\puria\AppData\Roaming\nvm\v20.19.6\node_modules\firebase-tools\lib\bin\firebase.js {"code":"MODULE_NOT_FOUND","requireStack":["C:\\Users\\puria\\AppData\\Roaming\\nvm\\v20.19.6\\node_modules\\firebase-tools\\lib\\deploy\\functions\\runtimes\\node\\versioning.js","C:\\Users\\puria\\AppData\\Roaming\\nvm\\v20.19.6\\node_modules\\firebase-tools\\lib\\deploy\\functions\\runtimes\\node\\index.js","C:\\Users\\puria\\AppData\\Roaming\\nvm\\v20.19.6\\node_modules\\firebase-tools\\lib\\deploy\\functions\\runtimes\\index.js","C:\\Users\\puria\\AppData\\Roaming\\nvm\\v20.19.6\\node_modules\\firebase-tools\\lib\\deploy\\functions\\prepare.js","C:\\Users\\puria\\AppData\\Roaming\\nvm\\v20.19.6\\node_modules\\firebase-tools\\lib\\emulator\\functionsEmulatorShared.js","C:\\Users\\puria\\AppData\\Roaming\\nvm\\v20.19.6\\node_modules\\firebase-tools\\lib\\emulator\\functionsEmulator.js","C:\\Users\\puria\\AppData\\Roaming\\nvm\\v20.19.6\\node_modules\\firebase-tools\\lib\\emulator\\controller.js","C:\\Users\\puria\\AppData\\Roaming\\nvm\\v20.19.6\\node_modules\\firebase-tools\\lib\\commands\\emulators-start.js","C:\\Users\\puria\\AppData\\Roaming\\nvm\\v20.19.6\\node_modules\\firebase-tools\\lib\\commands\\index.js","C:\\Users\\puria\\AppData\\Roaming\\nvm\\v20.19.6\\node_modules\\firebase-tools\\lib\\index.js","C:\\Users\\puria\\AppData\\Roaming\\nvm\\v20.19.6\\node_modules\\firebase-tools\\lib\\bin\\cli.js","C:\\Users\\puria\\AppData\\Roaming\\nvm\\v20.19.6\\node_modules\\firebase-tools\\lib\\bin\\firebase.js"]}
[debug] [2026-01-25T14:14:51.401Z] checkFunctionsSDKVersion encountered error: Invalid Version:  {}
[debug] [2026-01-25T14:14:51.407Z] > [functions] package.json contents: {
  "name": "functions",
  "description": "Cloud Functions for Firebase",
  "scripts": {
    "lint": "eslint .",
    "dev": "firebase emulators:start --inspect-functions --only functions",
    "serve": "firebase emulators:start --only functions",
    "shell": "firebase functions:shell",
    "start": "npm run shell",
    "deploy": "firebase deploy --only functions",
    "logs": "firebase functions:log"
  },
  "engines": {
    "node": "24"
  },
  "main": "index.js",
  "dependencies": {
    "cors": "^2.8.5",
    "firebase-admin": "^13.6.0",
    "firebase-functions": "^7.0.0",
    "razorpay": "^2.9.6"
  },
  "devDependencies": {
    "@typescript-eslint/eslint-plugin": "^8.50.1",
    "@typescript-eslint/parser": "^8.50.1",
    "eslint": "^9.39.2",
    "eslint-config-google": "^0.14.0",
    "firebase-functions-test": "^3.4.1"
  },
  "private": true
}
[debug] [2026-01-25T14:14:51.408Z] Building nodejs source
[debug] [2026-01-25T14:14:51.409Z] Failed to find version of module node: reached end of search path M:\naresh\sprintothon\functions\node_modules
[warn] !  functions: Your requested "node" version "24" doesn't match your global version "20". Using node@20 from host. 
[debug] [2026-01-25T14:14:51.417Z] Could not parse firebase-functions version '' into semver.
[debug] [2026-01-25T14:14:51.419Z] Could not find functions.yaml. Must use http discovery
[error] !!  functions: Failed to load function definition from source: Error: Cannot find module 'firebase-functions'
Require stack:
- C:\Users\puria\AppData\Roaming\nvm\v20.19.6\node_modules\firebase-tools\lib\deploy\functions\runtimes\node\index.js
- C:\Users\puria\AppData\Roaming\nvm\v20.19.6\node_modules\firebase-tools\lib\deploy\functions\runtimes\index.js
- C:\Users\puria\AppData\Roaming\nvm\v20.19.6\node_modules\firebase-tools\lib\deploy\functions\prepare.js
- C:\Users\puria\AppData\Roaming\nvm\v20.19.6\node_modules\firebase-tools\lib\emulator\functionsEmulatorShared.js
- C:\Users\puria\AppData\Roaming\nvm\v20.19.6\node_modules\firebase-tools\lib\emulator\functionsEmulator.js
- C:\Users\puria\AppData\Roaming\nvm\v20.19.6\node_modules\firebase-tools\lib\emulator\controller.js
- C:\Users\puria\AppData\Roaming\nvm\v20.19.6\node_modules\firebase-tools\lib\commands\emulators-start.js
- C:\Users\puria\AppData\Roaming\nvm\v20.19.6\node_modules\firebase-tools\lib\commands\index.js
- C:\Users\puria\AppData\Roaming\nvm\v20.19.6\node_modules\firebase-tools\lib\index.js
- C:\Users\puria\AppData\Roaming\nvm\v20.19.6\node_modules\firebase-tools\lib\bin\cli.js
- C:\Users\puria\AppData\Roaming\nvm\v20.19.6\node_modules\firebase-tools\lib\bin\firebase.js {"metadata":{"emulator":{"name":"functions"},"message":"Failed to load function definition from source: Error: Cannot find module 'firebase-functions'\nRequire stack:\n- C:\\Users\\puria\\AppData\\Roaming\\nvm\\v20.19.6\\node_modules\\firebase-tools\\lib\\deploy\\functions\\runtimes\\node\\index.js\n- C:\\Users\\puria\\AppData\\Roaming\\nvm\\v20.19.6\\node_modules\\firebase-tools\\lib\\deploy\\functions\\runtimes\\index.js\n- C:\\Users\\puria\\AppData\\Roaming\\nvm\\v20.19.6\\node_modules\\firebase-tools\\lib\\deploy\\functions\\prepare.js\n- C:\\Users\\puria\\AppData\\Roaming\\nvm\\v20.19.6\\node_modules\\firebase-tools\\lib\\emulator\\functionsEmulatorShared.js\n- C:\\Users\\puria\\AppData\\Roaming\\nvm\\v20.19.6\\node_modules\\firebase-tools\\lib\\emulator\\functionsEmulator.js\n- C:\\Users\\puria\\AppData\\Roaming\\nvm\\v20.19.6\\node_modules\\firebase-tools\\lib\\emulator\\controller.js\n- C:\\Users\\puria\\AppData\\Roaming\\nvm\\v20.19.6\\node_modules\\firebase-tools\\lib\\commands\\emulators-start.js\n- C:\\Users\\puria\\AppData\\Roaming\\nvm\\v20.19.6\\node_modules\\firebase-tools\\lib\\commands\\index.js\n- C:\\Users\\puria\\AppData\\Roaming\\nvm\\v20.19.6\\node_modules\\firebase-tools\\lib\\index.js\n- C:\\Users\\puria\\AppData\\Roaming\\nvm\\v20.19.6\\node_modules\\firebase-tools\\lib\\bin\\cli.js\n- C:\\Users\\puria\\AppData\\Roaming\\nvm\\v20.19.6\\node_modules\\firebase-tools\\lib\\bin\\firebase.js"}}
[debug] [2026-01-25T14:20:13.671Z] File M:\naresh\sprintothon\functions\index.js changed, reloading triggers {"metadata":{"emulator":{"name":"functions"},"message":"File M:\\naresh\\sprintothon\\functions\\index.js changed, reloading triggers"}}
[debug] [2026-01-25T14:20:14.696Z] Validating nodejs source
[warn] !  functions: Couldn't find firebase-functions package in your source code. Have you run 'npm install'? 
[debug] [2026-01-25T14:20:14.713Z] getFunctionsSDKVersion encountered error: Cannot find module 'firebase-functions'
Require stack:
- C:\Users\puria\AppData\Roaming\nvm\v20.19.6\node_modules\firebase-tools\lib\deploy\functions\runtimes\node\versioning.js
- C:\Users\puria\AppData\Roaming\nvm\v20.19.6\node_modules\firebase-tools\lib\deploy\functions\runtimes\node\index.js
- C:\Users\puria\AppData\Roaming\nvm\v20.19.6\node_modules\firebase-tools\lib\deploy\functions\runtimes\index.js
- C:\Users\puria\AppData\Roaming\nvm\v20.19.6\node_modules\firebase-tools\lib\deploy\functions\prepare.js
- C:\Users\puria\AppData\Roaming\nvm\v20.19.6\node_modules\firebase-tools\lib\emulator\functionsEmulatorShared.js
- C:\Users\puria\AppData\Roaming\nvm\v20.19.6\node_modules\firebase-tools\lib\emulator\functionsEmulator.js
- C:\Users\puria\AppData\Roaming\nvm\v20.19.6\node_modules\firebase-tools\lib\emulator\controller.js
- C:\Users\puria\AppData\Roaming\nvm\v20.19.6\node_modules\firebase-tools\lib\commands\emulators-start.js
- C:\Users\puria\AppData\Roaming\nvm\v20.19.6\node_modules\firebase-tools\lib\commands\index.js
- C:\Users\puria\AppData\Roaming\nvm\v20.19.6\node_modules\firebase-tools\lib\index.js
- C:\Users\puria\AppData\Roaming\nvm\v20.19.6\node_modules\firebase-tools\lib\bin\cli.js
- C:\Users\puria\AppData\Roaming\nvm\v20.19.6\node_modules\firebase-tools\lib\bin\firebase.js {"code":"MODULE_NOT_FOUND","requireStack":["C:\\Users\\puria\\AppData\\Roaming\\nvm\\v20.19.6\\node_modules\\firebase-tools\\lib\\deploy\\functions\\runtimes\\node\\versioning.js","C:\\Users\\puria\\AppData\\Roaming\\nvm\\v20.19.6\\node_modules\\firebase-tools\\lib\\deploy\\functions\\runtimes\\node\\index.js","C:\\Users\\puria\\AppData\\Roaming\\nvm\\v20.19.6\\node_modules\\firebase-tools\\lib\\deploy\\functions\\runtimes\\index.js","C:\\Users\\puria\\AppData\\Roaming\\nvm\\v20.19.6\\node_modules\\firebase-tools\\lib\\deploy\\functions\\prepare.js","C:\\Users\\puria\\AppData\\Roaming\\nvm\\v20.19.6\\node_modules\\firebase-tools\\lib\\emulator\\functionsEmulatorShared.js","C:\\Users\\puria\\AppData\\Roaming\\nvm\\v20.19.6\\node_modules\\firebase-tools\\lib\\emulator\\functionsEmulator.js","C:\\Users\\puria\\AppData\\Roaming\\nvm\\v20.19.6\\node_modules\\firebase-tools\\lib\\emulator\\controller.js","C:\\Users\\puria\\AppData\\Roaming\\nvm\\v20.19.6\\node_modules\\firebase-tools\\lib\\commands\\emulators-start.js","C:\\Users\\puria\\AppData\\Roaming\\nvm\\v20.19.6\\node_modules\\firebase-tools\\lib\\commands\\index.js","C:\\Users\\puria\\AppData\\Roaming\\nvm\\v20.19.6\\node_modules\\firebase-tools\\lib\\index.js","C:\\Users\\puria\\AppData\\Roaming\\nvm\\v20.19.6\\node_modules\\firebase-tools\\lib\\bin\\cli.js","C:\\Users\\puria\\AppData\\Roaming\\nvm\\v20.19.6\\node_modules\\firebase-tools\\lib\\bin\\firebase.js"]}
[debug] [2026-01-25T14:20:14.717Z] checkFunctionsSDKVersion encountered error: Invalid Version:  {}
[debug] [2026-01-25T14:20:14.721Z] > [functions] package.json contents: {
  "name": "functions",
  "description": "Cloud Functions for Firebase",
  "scripts": {
    "lint": "eslint .",
    "dev": "firebase emulators:start --inspect-functions --only functions",
    "serve": "firebase emulators:start --only functions",
    "shell": "firebase functions:shell",
    "start": "npm run shell",
    "deploy": "firebase deploy --only functions",
    "logs": "firebase functions:log"
  },
  "engines": {
    "node": "24"
  },
  "main": "index.js",
  "dependencies": {
    "cors": "^2.8.5",
    "firebase-admin": "^13.6.0",
    "firebase-functions": "^7.0.0",
    "razorpay": "^2.9.6"
  },
  "devDependencies": {
    "@typescript-eslint/eslint-plugin": "^8.50.1",
    "@typescript-eslint/parser": "^8.50.1",
    "eslint": "^9.39.2",
    "eslint-config-google": "^0.14.0",
    "firebase-functions-test": "^3.4.1"
  },
  "private": true
}
[debug] [2026-01-25T14:20:14.722Z] Building nodejs source
[debug] [2026-01-25T14:20:14.722Z] Failed to find version of module node: reached end of search path M:\naresh\sprintothon\functions\node_modules
[warn] !  functions: Your requested "node" version "24" doesn't match your global version "20". Using node@20 from host. 
[debug] [2026-01-25T14:20:14.729Z] Could not parse firebase-functions version '' into semver.
[debug] [2026-01-25T14:20:14.731Z] Could not find functions.yaml. Must use http discovery
[error] !!  functions: Failed to load function definition from source: Error: Cannot find module 'firebase-functions'
Require stack:
- C:\Users\puria\AppData\Roaming\nvm\v20.19.6\node_modules\firebase-tools\lib\deploy\functions\runtimes\node\index.js
- C:\Users\puria\AppData\Roaming\nvm\v20.19.6\node_modules\firebase-tools\lib\deploy\functions\runtimes\index.js
- C:\Users\puria\AppData\Roaming\nvm\v20.19.6\node_modules\firebase-tools\lib\deploy\functions\prepare.js
- C:\Users\puria\AppData\Roaming\nvm\v20.19.6\node_modules\firebase-tools\lib\emulator\functionsEmulatorShared.js
- C:\Users\puria\AppData\Roaming\nvm\v20.19.6\node_modules\firebase-tools\lib\emulator\functionsEmulator.js
- C:\Users\puria\AppData\Roaming\nvm\v20.19.6\node_modules\firebase-tools\lib\emulator\controller.js
- C:\Users\puria\AppData\Roaming\nvm\v20.19.6\node_modules\firebase-tools\lib\commands\emulators-start.js
- C:\Users\puria\AppData\Roaming\nvm\v20.19.6\node_modules\firebase-tools\lib\commands\index.js
- C:\Users\puria\AppData\Roaming\nvm\v20.19.6\node_modules\firebase-tools\lib\index.js
- C:\Users\puria\AppData\Roaming\nvm\v20.19.6\node_modules\firebase-tools\lib\bin\cli.js
- C:\Users\puria\AppData\Roaming\nvm\v20.19.6\node_modules\firebase-tools\lib\bin\firebase.js {"metadata":{"emulator":{"name":"functions"},"message":"Failed to load function definition from source: Error: Cannot find module 'firebase-functions'\nRequire stack:\n- C:\\Users\\puria\\AppData\\Roaming\\nvm\\v20.19.6\\node_modules\\firebase-tools\\lib\\deploy\\functions\\runtimes\\node\\index.js\n- C:\\Users\\puria\\AppData\\Roaming\\nvm\\v20.19.6\\node_modules\\firebase-tools\\lib\\deploy\\functions\\runtimes\\index.js\n- C:\\Users\\puria\\AppData\\Roaming\\nvm\\v20.19.6\\node_modules\\firebase-tools\\lib\\deploy\\functions\\prepare.js\n- C:\\Users\\puria\\AppData\\Roaming\\nvm\\v20.19.6\\node_modules\\firebase-tools\\lib\\emulator\\functionsEmulatorShared.js\n- C:\\Users\\puria\\AppData\\Roaming\\nvm\\v20.19.6\\node_modules\\firebase-tools\\lib\\emulator\\functionsEmulator.js\n- C:\\Users\\puria\\AppData\\Roaming\\nvm\\v20.19.6\\node_modules\\firebase-tools\\lib\\emulator\\controller.js\n- C:\\Users\\puria\\AppData\\Roaming\\nvm\\v20.19.6\\node_modules\\firebase-tools\\lib\\commands\\emulators-start.js\n- C:\\Users\\puria\\AppData\\Roaming\\nvm\\v20.19.6\\node_modules\\firebase-tools\\lib\\commands\\index.js\n- C:\\Users\\puria\\AppData\\Roaming\\nvm\\v20.19.6\\node_modules\\firebase-tools\\lib\\index.js\n- C:\\Users\\puria\\AppData\\Roaming\\nvm\\v20.19.6\\node_modules\\firebase-tools\\lib\\bin\\cli.js\n- C:\\Users\\puria\\AppData\\Roaming\\nvm\\v20.19.6\\node_modules\\firebase-tools\\lib\\bin\\firebase.js"}}
[debug] [2026-01-25T14:20:19.411Z] File M:\naresh\sprintothon\functions\index.js changed, reloading triggers {"metadata":{"emulator":{"name":"functions"},"message":"File M:\\naresh\\sprintothon\\functions\\index.js changed, reloading triggers"}}
[debug] [2026-01-25T14:20:20.420Z] Validating nodejs source
[warn] !  functions: Couldn't find firebase-functions package in your source code. Have you run 'npm install'? 
[debug] [2026-01-25T14:20:20.423Z] getFunctionsSDKVersion encountered error: Cannot find module 'firebase-functions'
Require stack:
- C:\Users\puria\AppData\Roaming\nvm\v20.19.6\node_modules\firebase-tools\lib\deploy\functions\runtimes\node\versioning.js
- C:\Users\puria\AppData\Roaming\nvm\v20.19.6\node_modules\firebase-tools\lib\deploy\functions\runtimes\node\index.js
- C:\Users\puria\AppData\Roaming\nvm\v20.19.6\node_modules\firebase-tools\lib\deploy\functions\runtimes\index.js
- C:\Users\puria\AppData\Roaming\nvm\v20.19.6\node_modules\firebase-tools\lib\deploy\functions\prepare.js
- C:\Users\puria\AppData\Roaming\nvm\v20.19.6\node_modules\firebase-tools\lib\emulator\functionsEmulatorShared.js
- C:\Users\puria\AppData\Roaming\nvm\v20.19.6\node_modules\firebase-tools\lib\emulator\functionsEmulator.js
- C:\Users\puria\AppData\Roaming\nvm\v20.19.6\node_modules\firebase-tools\lib\emulator\controller.js
- C:\Users\puria\AppData\Roaming\nvm\v20.19.6\node_modules\firebase-tools\lib\commands\emulators-start.js
- C:\Users\puria\AppData\Roaming\nvm\v20.19.6\node_modules\firebase-tools\lib\commands\index.js
- C:\Users\puria\AppData\Roaming\nvm\v20.19.6\node_modules\firebase-tools\lib\index.js
- C:\Users\puria\AppData\Roaming\nvm\v20.19.6\node_modules\firebase-tools\lib\bin\cli.js
- C:\Users\puria\AppData\Roaming\nvm\v20.19.6\node_modules\firebase-tools\lib\bin\firebase.js {"code":"MODULE_NOT_FOUND","requireStack":["C:\\Users\\puria\\AppData\\Roaming\\nvm\\v20.19.6\\node_modules\\firebase-tools\\lib\\deploy\\functions\\runtimes\\node\\versioning.js","C:\\Users\\puria\\AppData\\Roaming\\nvm\\v20.19.6\\node_modules\\firebase-tools\\lib\\deploy\\functions\\runtimes\\node\\index.js","C:\\Users\\puria\\AppData\\Roaming\\nvm\\v20.19.6\\node_modules\\firebase-tools\\lib\\deploy\\functions\\runtimes\\index.js","C:\\Users\\puria\\AppData\\Roaming\\nvm\\v20.19.6\\node_modules\\firebase-tools\\lib\\deploy\\functions\\prepare.js","C:\\Users\\puria\\AppData\\Roaming\\nvm\\v20.19.6\\node_modules\\firebase-tools\\lib\\emulator\\functionsEmulatorShared.js","C:\\Users\\puria\\AppData\\Roaming\\nvm\\v20.19.6\\node_modules\\firebase-tools\\lib\\emulator\\functionsEmulator.js","C:\\Users\\puria\\AppData\\Roaming\\nvm\\v20.19.6\\node_modules\\firebase-tools\\lib\\emulator\\controller.js","C:\\Users\\puria\\AppData\\Roaming\\nvm\\v20.19.6\\node_modules\\firebase-tools\\lib\\commands\\emulators-start.js","C:\\Users\\puria\\AppData\\Roaming\\nvm\\v20.19.6\\node_modules\\firebase-tools\\lib\\commands\\index.js","C:\\Users\\puria\\AppData\\Roaming\\nvm\\v20.19.6\\node_modules\\firebase-tools\\lib\\index.js","C:\\Users\\puria\\AppData\\Roaming\\nvm\\v20.19.6\\node_modules\\firebase-tools\\lib\\bin\\cli.js","C:\\Users\\puria\\AppData\\Roaming\\nvm\\v20.19.6\\node_modules\\firebase-tools\\lib\\bin\\firebase.js"]}
[debug] [2026-01-25T14:20:20.423Z] checkFunctionsSDKVersion encountered error: Invalid Version:  {}
[debug] [2026-01-25T14:20:20.424Z] > [functions] package.json contents: {
  "name": "functions",
  "description": "Cloud Functions for Firebase",
  "scripts": {
    "lint": "eslint .",
    "dev": "firebase emulators:start --inspect-functions --only functions",
    "serve": "firebase emulators:start --only functions",
    "shell": "firebase functions:shell",
    "start": "npm run shell",
    "deploy": "firebase deploy --only functions",
    "logs": "firebase functions:log"
  },
  "engines": {
    "node": "24"
  },
  "main": "index.js",
  "dependencies": {
    "cors": "^2.8.5",
    "firebase-admin": "^13.6.0",
    "firebase-functions": "^7.0.0",
    "razorpay": "^2.9.6"
  },
  "devDependencies": {
    "@typescript-eslint/eslint-plugin": "^8.50.1",
    "@typescript-eslint/parser": "^8.50.1",
    "eslint": "^9.39.2",
    "eslint-config-google": "^0.14.0",
    "firebase-functions-test": "^3.4.1"
  },
  "private": true
}
[debug] [2026-01-25T14:20:20.425Z] Building nodejs source
[debug] [2026-01-25T14:20:20.425Z] Failed to find version of module node: reached end of search path M:\naresh\sprintothon\functions\node_modules
[warn] !  functions: Your requested "node" version "24" doesn't match your global version "20". Using node@20 from host. 
[debug] [2026-01-25T14:20:20.427Z] Could not parse firebase-functions version '' into semver.
[debug] [2026-01-25T14:20:20.428Z] Could not find functions.yaml. Must use http discovery
[error] !!  functions: Failed to load function definition from source: Error: Cannot find module 'firebase-functions'
Require stack:
- C:\Users\puria\AppData\Roaming\nvm\v20.19.6\node_modules\firebase-tools\lib\deploy\functions\runtimes\node\index.js
- C:\Users\puria\AppData\Roaming\nvm\v20.19.6\node_modules\firebase-tools\lib\deploy\functions\runtimes\index.js
- C:\Users\puria\AppData\Roaming\nvm\v20.19.6\node_modules\firebase-tools\lib\deploy\functions\prepare.js
- C:\Users\puria\AppData\Roaming\nvm\v20.19.6\node_modules\firebase-tools\lib\emulator\functionsEmulatorShared.js
- C:\Users\puria\AppData\Roaming\nvm\v20.19.6\node_modules\firebase-tools\lib\emulator\functionsEmulator.js
- C:\Users\puria\AppData\Roaming\nvm\v20.19.6\node_modules\firebase-tools\lib\emulator\controller.js
- C:\Users\puria\AppData\Roaming\nvm\v20.19.6\node_modules\firebase-tools\lib\commands\emulators-start.js
- C:\Users\puria\AppData\Roaming\nvm\v20.19.6\node_modules\firebase-tools\lib\commands\index.js
- C:\Users\puria\AppData\Roaming\nvm\v20.19.6\node_modules\firebase-tools\lib\index.js
- C:\Users\puria\AppData\Roaming\nvm\v20.19.6\node_modules\firebase-tools\lib\bin\cli.js
- C:\Users\puria\AppData\Roaming\nvm\v20.19.6\node_modules\firebase-tools\lib\bin\firebase.js {"metadata":{"emulator":{"name":"functions"},"message":"Failed to load function definition from source: Error: Cannot find module 'firebase-functions'\nRequire stack:\n- C:\\Users\\puria\\AppData\\Roaming\\nvm\\v20.19.6\\node_modules\\firebase-tools\\lib\\deploy\\functions\\runtimes\\node\\index.js\n- C:\\Users\\puria\\AppData\\Roaming\\nvm\\v20.19.6\\node_modules\\firebase-tools\\lib\\deploy\\functions\\runtimes\\index.js\n- C:\\Users\\puria\\AppData\\Roaming\\nvm\\v20.19.6\\node_modules\\firebase-tools\\lib\\deploy\\functions\\prepare.js\n- C:\\Users\\puria\\AppData\\Roaming\\nvm\\v20.19.6\\node_modules\\firebase-tools\\lib\\emulator\\functionsEmulatorShared.js\n- C:\\Users\\puria\\AppData\\Roaming\\nvm\\v20.19.6\\node_modules\\firebase-tools\\lib\\emulator\\functionsEmulator.js\n- C:\\Users\\puria\\AppData\\Roaming\\nvm\\v20.19.6\\node_modules\\firebase-tools\\lib\\emulator\\controller.js\n- C:\\Users\\puria\\AppData\\Roaming\\nvm\\v20.19.6\\node_modules\\firebase-tools\\lib\\commands\\emulators-start.js\n- C:\\Users\\puria\\AppData\\Roaming\\nvm\\v20.19.6\\node_modules\\firebase-tools\\lib\\commands\\index.js\n- C:\\Users\\puria\\AppData\\Roaming\\nvm\\v20.19.6\\node_modules\\firebase-tools\\lib\\index.js\n- C:\\Users\\puria\\AppData\\Roaming\\nvm\\v20.19.6\\node_modules\\firebase-tools\\lib\\bin\\cli.js\n- C:\\Users\\puria\\AppData\\Roaming\\nvm\\v20.19.6\\node_modules\\firebase-tools\\lib\\bin\\firebase.js"}}
[debug] [2026-01-25T14:30:10.239Z] File M:\naresh\sprintothon\functions\index.js changed, reloading triggers {"metadata":{"emulator":{"name":"functions"},"message":"File M:\\naresh\\sprintothon\\functions\\index.js changed, reloading triggers"}}
[debug] [2026-01-25T14:30:11.294Z] Validating nodejs source
[warn] !  functions: Couldn't find firebase-functions package in your source code. Have you run 'npm install'? 
[debug] [2026-01-25T14:30:11.318Z] getFunctionsSDKVersion encountered error: Cannot find module 'firebase-functions'
Require stack:
- C:\Users\puria\AppData\Roaming\nvm\v20.19.6\node_modules\firebase-tools\lib\deploy\functions\runtimes\node\versioning.js
- C:\Users\puria\AppData\Roaming\nvm\v20.19.6\node_modules\firebase-tools\lib\deploy\functions\runtimes\node\index.js
- C:\Users\puria\AppData\Roaming\nvm\v20.19.6\node_modules\firebase-tools\lib\deploy\functions\runtimes\index.js
- C:\Users\puria\AppData\Roaming\nvm\v20.19.6\node_modules\firebase-tools\lib\deploy\functions\prepare.js
- C:\Users\puria\AppData\Roaming\nvm\v20.19.6\node_modules\firebase-tools\lib\emulator\functionsEmulatorShared.js
- C:\Users\puria\AppData\Roaming\nvm\v20.19.6\node_modules\firebase-tools\lib\emulator\functionsEmulator.js
- C:\Users\puria\AppData\Roaming\nvm\v20.19.6\node_modules\firebase-tools\lib\emulator\controller.js
- C:\Users\puria\AppData\Roaming\nvm\v20.19.6\node_modules\firebase-tools\lib\commands\emulators-start.js
- C:\Users\puria\AppData\Roaming\nvm\v20.19.6\node_modules\firebase-tools\lib\commands\index.js
- C:\Users\puria\AppData\Roaming\nvm\v20.19.6\node_modules\firebase-tools\lib\index.js
- C:\Users\puria\AppData\Roaming\nvm\v20.19.6\node_modules\firebase-tools\lib\bin\cli.js
- C:\Users\puria\AppData\Roaming\nvm\v20.19.6\node_modules\firebase-tools\lib\bin\firebase.js {"code":"MODULE_NOT_FOUND","requireStack":["C:\\Users\\puria\\AppData\\Roaming\\nvm\\v20.19.6\\node_modules\\firebase-tools\\lib\\deploy\\functions\\runtimes\\node\\versioning.js","C:\\Users\\puria\\AppData\\Roaming\\nvm\\v20.19.6\\node_modules\\firebase-tools\\lib\\deploy\\functions\\runtimes\\node\\index.js","C:\\Users\\puria\\AppData\\Roaming\\nvm\\v20.19.6\\node_modules\\firebase-tools\\lib\\deploy\\functions\\runtimes\\index.js","C:\\Users\\puria\\AppData\\Roaming\\nvm\\v20.19.6\\node_modules\\firebase-tools\\lib\\deploy\\functions\\prepare.js","C:\\Users\\puria\\AppData\\Roaming\\nvm\\v20.19.6\\node_modules\\firebase-tools\\lib\\emulator\\functionsEmulatorShared.js","C:\\Users\\puria\\AppData\\Roaming\\nvm\\v20.19.6\\node_modules\\firebase-tools\\lib\\emulator\\functionsEmulator.js","C:\\Users\\puria\\AppData\\Roaming\\nvm\\v20.19.6\\node_modules\\firebase-tools\\lib\\emulator\\controller.js","C:\\Users\\puria\\AppData\\Roaming\\nvm\\v20.19.6\\node_modules\\firebase-tools\\lib\\commands\\emulators-start.js","C:\\Users\\puria\\AppData\\Roaming\\nvm\\v20.19.6\\node_modules\\firebase-tools\\lib\\commands\\index.js","C:\\Users\\puria\\AppData\\Roaming\\nvm\\v20.19.6\\node_modules\\firebase-tools\\lib\\index.js","C:\\Users\\puria\\AppData\\Roaming\\nvm\\v20.19.6\\node_modules\\firebase-tools\\lib\\bin\\cli.js","C:\\Users\\puria\\AppData\\Roaming\\nvm\\v20.19.6\\node_modules\\firebase-tools\\lib\\bin\\firebase.js"]}
[debug] [2026-01-25T14:30:11.325Z] checkFunctionsSDKVersion encountered error: Invalid Version:  {}
[debug] [2026-01-25T14:30:11.331Z] > [functions] package.json contents: {
  "name": "functions",
  "description": "Cloud Functions for Firebase",
  "scripts": {
    "lint": "eslint .",
    "dev": "firebase emulators:start --inspect-functions --only functions",
    "serve": "firebase emulators:start --only functions",
    "shell": "firebase functions:shell",
    "start": "npm run shell",
    "deploy": "firebase deploy --only functions",
    "logs": "firebase functions:log"
  },
  "engines": {
    "node": "24"
  },
  "main": "index.js",
  "dependencies": {
    "cors": "^2.8.5",
    "firebase-admin": "^13.6.0",
    "firebase-functions": "^7.0.0",
    "razorpay": "^2.9.6"
  },
  "devDependencies": {
    "@typescript-eslint/eslint-plugin": "^8.50.1",
    "@typescript-eslint/parser": "^8.50.1",
    "eslint": "^9.39.2",
    "eslint-config-google": "^0.14.0",
    "firebase-functions-test": "^3.4.1"
  },
  "private": true
}
[debug] [2026-01-25T14:30:11.331Z] Building nodejs source
[debug] [2026-01-25T14:30:11.332Z] Failed to find version of module node: reached end of search path M:\naresh\sprintothon\functions\node_modules
[warn] !  functions: Your requested "node" version "24" doesn't match your global version "20". Using node@20 from host. 
[debug] [2026-01-25T14:30:11.340Z] Could not parse firebase-functions version '' into semver.
[debug] [2026-01-25T14:30:11.343Z] Could not find functions.yaml. Must use http discovery
[error] !!  functions: Failed to load function definition from source: Error: Cannot find module 'firebase-functions'
Require stack:
- C:\Users\puria\AppData\Roaming\nvm\v20.19.6\node_modules\firebase-tools\lib\deploy\functions\runtimes\node\index.js
- C:\Users\puria\AppData\Roaming\nvm\v20.19.6\node_modules\firebase-tools\lib\deploy\functions\runtimes\index.js
- C:\Users\puria\AppData\Roaming\nvm\v20.19.6\node_modules\firebase-tools\lib\deploy\functions\prepare.js
- C:\Users\puria\AppData\Roaming\nvm\v20.19.6\node_modules\firebase-tools\lib\emulator\functionsEmulatorShared.js
- C:\Users\puria\AppData\Roaming\nvm\v20.19.6\node_modules\firebase-tools\lib\emulator\functionsEmulator.js
- C:\Users\puria\AppData\Roaming\nvm\v20.19.6\node_modules\firebase-tools\lib\emulator\controller.js
- C:\Users\puria\AppData\Roaming\nvm\v20.19.6\node_modules\firebase-tools\lib\commands\emulators-start.js
- C:\Users\puria\AppData\Roaming\nvm\v20.19.6\node_modules\firebase-tools\lib\commands\index.js
- C:\Users\puria\AppData\Roaming\nvm\v20.19.6\node_modules\firebase-tools\lib\index.js
- C:\Users\puria\AppData\Roaming\nvm\v20.19.6\node_modules\firebase-tools\lib\bin\cli.js
- C:\Users\puria\AppData\Roaming\nvm\v20.19.6\node_modules\firebase-tools\lib\bin\firebase.js {"metadata":{"emulator":{"name":"functions"},"message":"Failed to load function definition from source: Error: Cannot find module 'firebase-functions'\nRequire stack:\n- C:\\Users\\puria\\AppData\\Roaming\\nvm\\v20.19.6\\node_modules\\firebase-tools\\lib\\deploy\\functions\\runtimes\\node\\index.js\n- C:\\Users\\puria\\AppData\\Roaming\\nvm\\v20.19.6\\node_modules\\firebase-tools\\lib\\deploy\\functions\\runtimes\\index.js\n- C:\\Users\\puria\\AppData\\Roaming\\nvm\\v20.19.6\\node_modules\\firebase-tools\\lib\\deploy\\functions\\prepare.js\n- C:\\Users\\puria\\AppData\\Roaming\\nvm\\v20.19.6\\node_modules\\firebase-tools\\lib\\emulator\\functionsEmulatorShared.js\n- C:\\Users\\puria\\AppData\\Roaming\\nvm\\v20.19.6\\node_modules\\firebase-tools\\lib\\emulator\\functionsEmulator.js\n- C:\\Users\\puria\\AppData\\Roaming\\nvm\\v20.19.6\\node_modules\\firebase-tools\\lib\\emulator\\controller.js\n- C:\\Users\\puria\\AppData\\Roaming\\nvm\\v20.19.6\\node_modules\\firebase-tools\\lib\\commands\\emulators-start.js\n- C:\\Users\\puria\\AppData\\Roaming\\nvm\\v20.19.6\\node_modules\\firebase-tools\\lib\\commands\\index.js\n- C:\\Users\\puria\\AppData\\Roaming\\nvm\\v20.19.6\\node_modules\\firebase-tools\\lib\\index.js\n- C:\\Users\\puria\\AppData\\Roaming\\nvm\\v20.19.6\\node_modules\\firebase-tools\\lib\\bin\\cli.js\n- C:\\Users\\puria\\AppData\\Roaming\\nvm\\v20.19.6\\node_modules\\firebase-tools\\lib\\bin\\firebase.js"}}
[debug] [2026-01-25T14:30:23.985Z] File M:\naresh\sprintothon\functions\package.json changed, reloading triggers {"metadata":{"emulator":{"name":"functions"},"message":"File M:\\naresh\\sprintothon\\functions\\package.json changed, reloading triggers"}}
[debug] [2026-01-25T14:30:24.996Z] Validating nodejs source
[warn] !  functions: Couldn't find firebase-functions package in your source code. Have you run 'npm install'? 
[debug] [2026-01-25T14:30:24.999Z] getFunctionsSDKVersion encountered error: Cannot find module 'firebase-functions'
Require stack:
- C:\Users\puria\AppData\Roaming\nvm\v20.19.6\node_modules\firebase-tools\lib\deploy\functions\runtimes\node\versioning.js
- C:\Users\puria\AppData\Roaming\nvm\v20.19.6\node_modules\firebase-tools\lib\deploy\functions\runtimes\node\index.js
- C:\Users\puria\AppData\Roaming\nvm\v20.19.6\node_modules\firebase-tools\lib\deploy\functions\runtimes\index.js
- C:\Users\puria\AppData\Roaming\nvm\v20.19.6\node_modules\firebase-tools\lib\deploy\functions\prepare.js
- C:\Users\puria\AppData\Roaming\nvm\v20.19.6\node_modules\firebase-tools\lib\emulator\functionsEmulatorShared.js
- C:\Users\puria\AppData\Roaming\nvm\v20.19.6\node_modules\firebase-tools\lib\emulator\functionsEmulator.js
- C:\Users\puria\AppData\Roaming\nvm\v20.19.6\node_modules\firebase-tools\lib\emulator\controller.js
- C:\Users\puria\AppData\Roaming\nvm\v20.19.6\node_modules\firebase-tools\lib\commands\emulators-start.js
- C:\Users\puria\AppData\Roaming\nvm\v20.19.6\node_modules\firebase-tools\lib\commands\index.js
- C:\Users\puria\AppData\Roaming\nvm\v20.19.6\node_modules\firebase-tools\lib\index.js
- C:\Users\puria\AppData\Roaming\nvm\v20.19.6\node_modules\firebase-tools\lib\bin\cli.js
- C:\Users\puria\AppData\Roaming\nvm\v20.19.6\node_modules\firebase-tools\lib\bin\firebase.js {"code":"MODULE_NOT_FOUND","requireStack":["C:\\Users\\puria\\AppData\\Roaming\\nvm\\v20.19.6\\node_modules\\firebase-tools\\lib\\deploy\\functions\\runtimes\\node\\versioning.js","C:\\Users\\puria\\AppData\\Roaming\\nvm\\v20.19.6\\node_modules\\firebase-tools\\lib\\deploy\\functions\\runtimes\\node\\index.js","C:\\Users\\puria\\AppData\\Roaming\\nvm\\v20.19.6\\node_modules\\firebase-tools\\lib\\deploy\\functions\\runtimes\\index.js","C:\\Users\\puria\\AppData\\Roaming\\nvm\\v20.19.6\\node_modules\\firebase-tools\\lib\\deploy\\functions\\prepare.js","C:\\Users\\puria\\AppData\\Roaming\\nvm\\v20.19.6\\node_modules\\firebase-tools\\lib\\emulator\\functionsEmulatorShared.js","C:\\Users\\puria\\AppData\\Roaming\\nvm\\v20.19.6\\node_modules\\firebase-tools\\lib\\emulator\\functionsEmulator.js","C:\\Users\\puria\\AppData\\Roaming\\nvm\\v20.19.6\\node_modules\\firebase-tools\\lib\\emulator\\controller.js","C:\\Users\\puria\\AppData\\Roaming\\nvm\\v20.19.6\\node_modules\\firebase-tools\\lib\\commands\\emulators-start.js","C:\\Users\\puria\\AppData\\Roaming\\nvm\\v20.19.6\\node_modules\\firebase-tools\\lib\\commands\\index.js","C:\\Users\\puria\\AppData\\Roaming\\nvm\\v20.19.6\\node_modules\\firebase-tools\\lib\\index.js","C:\\Users\\puria\\AppData\\Roaming\\nvm\\v20.19.6\\node_modules\\firebase-tools\\lib\\bin\\cli.js","C:\\Users\\puria\\AppData\\Roaming\\nvm\\v20.19.6\\node_modules\\firebase-tools\\lib\\bin\\firebase.js"]}
[debug] [2026-01-25T14:30:24.999Z] checkFunctionsSDKVersion encountered error: Invalid Version:  {}
[debug] [2026-01-25T14:30:25.004Z] > [functions] package.json contents: {
  "name": "functions",
  "description": "Cloud Functions for Firebase",
  "scripts": {
    "lint": "eslint .",
    "dev": "firebase emulators:start --inspect-functions --only functions",
    "serve": "firebase emulators:start --only functions",
    "shell": "firebase functions:shell",
    "start": "npm run shell",
    "deploy": "firebase deploy --only functions",
    "logs": "firebase functions:log"
  },
  "engines": {
    "node": "24"
  },
  "main": "index.js",
  "dependencies": {
    "cors": "^2.8.5",
    "firebase-admin": "^13.6.0",
    "firebase-functions": "^7.0.0",
    "nodemailer": "^6.9.7",
    "razorpay": "^2.9.6"
  },
  "devDependencies": {
    "@typescript-eslint/eslint-plugin": "^8.50.1",
    "@typescript-eslint/parser": "^8.50.1",
    "eslint": "^9.39.2",
    "eslint-config-google": "^0.14.0",
    "firebase-functions-test": "^3.4.1"
  },
  "private": true
}
[debug] [2026-01-25T14:30:25.005Z] Building nodejs source
[debug] [2026-01-25T14:30:25.007Z] Failed to find version of module node: reached end of search path M:\naresh\sprintothon\functions\node_modules
[warn] !  functions: Your requested "node" version "24" doesn't match your global version "20". Using node@20 from host. 
[debug] [2026-01-25T14:30:25.009Z] Could not parse firebase-functions version '' into semver.
[debug] [2026-01-25T14:30:25.010Z] Could not find functions.yaml. Must use http discovery
[error] !!  functions: Failed to load function definition from source: Error: Cannot find module 'firebase-functions'
Require stack:
- C:\Users\puria\AppData\Roaming\nvm\v20.19.6\node_modules\firebase-tools\lib\deploy\functions\runtimes\node\index.js
- C:\Users\puria\AppData\Roaming\nvm\v20.19.6\node_modules\firebase-tools\lib\deploy\functions\runtimes\index.js
- C:\Users\puria\AppData\Roaming\nvm\v20.19.6\node_modules\firebase-tools\lib\deploy\functions\prepare.js
- C:\Users\puria\AppData\Roaming\nvm\v20.19.6\node_modules\firebase-tools\lib\emulator\functionsEmulatorShared.js
- C:\Users\puria\AppData\Roaming\nvm\v20.19.6\node_modules\firebase-tools\lib\emulator\functionsEmulator.js
- C:\Users\puria\AppData\Roaming\nvm\v20.19.6\node_modules\firebase-tools\lib\emulator\controller.js
- C:\Users\puria\AppData\Roaming\nvm\v20.19.6\node_modules\firebase-tools\lib\commands\emulators-start.js
- C:\Users\puria\AppData\Roaming\nvm\v20.19.6\node_modules\firebase-tools\lib\commands\index.js
- C:\Users\puria\AppData\Roaming\nvm\v20.19.6\node_modules\firebase-tools\lib\index.js
- C:\Users\puria\AppData\Roaming\nvm\v20.19.6\node_modules\firebase-tools\lib\bin\cli.js
- C:\Users\puria\AppData\Roaming\nvm\v20.19.6\node_modules\firebase-tools\lib\bin\firebase.js {"metadata":{"emulator":{"name":"functions"},"message":"Failed to load function definition from source: Error: Cannot find module 'firebase-functions'\nRequire stack:\n- C:\\Users\\puria\\AppData\\Roaming\\nvm\\v20.19.6\\node_modules\\firebase-tools\\lib\\deploy\\functions\\runtimes\\node\\index.js\n- C:\\Users\\puria\\AppData\\Roaming\\nvm\\v20.19.6\\node_modules\\firebase-tools\\lib\\deploy\\functions\\runtimes\\index.js\n- C:\\Users\\puria\\AppData\\Roaming\\nvm\\v20.19.6\\node_modules\\firebase-tools\\lib\\deploy\\functions\\prepare.js\n- C:\\Users\\puria\\AppData\\Roaming\\nvm\\v20.19.6\\node_modules\\firebase-tools\\lib\\emulator\\functionsEmulatorShared.js\n- C:\\Users\\puria\\AppData\\Roaming\\nvm\\v20.19.6\\node_modules\\firebase-tools\\lib\\emulator\\functionsEmulator.js\n- C:\\Users\\puria\\AppData\\Roaming\\nvm\\v20.19.6\\node_modules\\firebase-tools\\lib\\emulator\\controller.js\n- C:\\Users\\puria\\AppData\\Roaming\\nvm\\v20.19.6\\node_modules\\firebase-tools\\lib\\commands\\emulators-start.js\n- C:\\Users\\puria\\AppData\\Roaming\\nvm\\v20.19.6\\node_modules\\firebase-tools\\lib\\commands\\index.js\n- C:\\Users\\puria\\AppData\\Roaming\\nvm\\v20.19.6\\node_modules\\firebase-tools\\lib\\index.js\n- C:\\Users\\puria\\AppData\\Roaming\\nvm\\v20.19.6\\node_modules\\firebase-tools\\lib\\bin\\cli.js\n- C:\\Users\\puria\\AppData\\Roaming\\nvm\\v20.19.6\\node_modules\\firebase-tools\\lib\\bin\\firebase.js"}}
[debug] [2026-01-25T14:43:55.854Z] File M:\naresh\sprintothon\functions\index.js changed, reloading triggers {"metadata":{"emulator":{"name":"functions"},"message":"File M:\\naresh\\sprintothon\\functions\\index.js changed, reloading triggers"}}
[debug] [2026-01-25T14:43:56.887Z] Validating nodejs source
[warn] !  functions: Couldn't find firebase-functions package in your source code. Have you run 'npm install'? 
[debug] [2026-01-25T14:43:56.903Z] getFunctionsSDKVersion encountered error: Cannot find module 'firebase-functions'
Require stack:
- C:\Users\puria\AppData\Roaming\nvm\v20.19.6\node_modules\firebase-tools\lib\deploy\functions\runtimes\node\versioning.js
- C:\Users\puria\AppData\Roaming\nvm\v20.19.6\node_modules\firebase-tools\lib\deploy\functions\runtimes\node\index.js
- C:\Users\puria\AppData\Roaming\nvm\v20.19.6\node_modules\firebase-tools\lib\deploy\functions\runtimes\index.js
- C:\Users\puria\AppData\Roaming\nvm\v20.19.6\node_modules\firebase-tools\lib\deploy\functions\prepare.js
- C:\Users\puria\AppData\Roaming\nvm\v20.19.6\node_modules\firebase-tools\lib\emulator\functionsEmulatorShared.js
- C:\Users\puria\AppData\Roaming\nvm\v20.19.6\node_modules\firebase-tools\lib\emulator\functionsEmulator.js
- C:\Users\puria\AppData\Roaming\nvm\v20.19.6\node_modules\firebase-tools\lib\emulator\controller.js
- C:\Users\puria\AppData\Roaming\nvm\v20.19.6\node_modules\firebase-tools\lib\commands\emulators-start.js
- C:\Users\puria\AppData\Roaming\nvm\v20.19.6\node_modules\firebase-tools\lib\commands\index.js
- C:\Users\puria\AppData\Roaming\nvm\v20.19.6\node_modules\firebase-tools\lib\index.js
- C:\Users\puria\AppData\Roaming\nvm\v20.19.6\node_modules\firebase-tools\lib\bin\cli.js
- C:\Users\puria\AppData\Roaming\nvm\v20.19.6\node_modules\firebase-tools\lib\bin\firebase.js {"code":"MODULE_NOT_FOUND","requireStack":["C:\\Users\\puria\\AppData\\Roaming\\nvm\\v20.19.6\\node_modules\\firebase-tools\\lib\\deploy\\functions\\runtimes\\node\\versioning.js","C:\\Users\\puria\\AppData\\Roaming\\nvm\\v20.19.6\\node_modules\\firebase-tools\\lib\\deploy\\functions\\runtimes\\node\\index.js","C:\\Users\\puria\\AppData\\Roaming\\nvm\\v20.19.6\\node_modules\\firebase-tools\\lib\\deploy\\functions\\runtimes\\index.js","C:\\Users\\puria\\AppData\\Roaming\\nvm\\v20.19.6\\node_modules\\firebase-tools\\lib\\deploy\\functions\\prepare.js","C:\\Users\\puria\\AppData\\Roaming\\nvm\\v20.19.6\\node_modules\\firebase-tools\\lib\\emulator\\functionsEmulatorShared.js","C:\\Users\\puria\\AppData\\Roaming\\nvm\\v20.19.6\\node_modules\\firebase-tools\\lib\\emulator\\functionsEmulator.js","C:\\Users\\puria\\AppData\\Roaming\\nvm\\v20.19.6\\node_modules\\firebase-tools\\lib\\emulator\\controller.js","C:\\Users\\puria\\AppData\\Roaming\\nvm\\v20.19.6\\node_modules\\firebase-tools\\lib\\commands\\emulators-start.js","C:\\Users\\puria\\AppData\\Roaming\\nvm\\v20.19.6\\node_modules\\firebase-tools\\lib\\commands\\index.js","C:\\Users\\puria\\AppData\\Roaming\\nvm\\v20.19.6\\node_modules\\firebase-tools\\lib\\index.js","C:\\Users\\puria\\AppData\\Roaming\\nvm\\v20.19.6\\node_modules\\firebase-tools\\lib\\bin\\cli.js","C:\\Users\\puria\\AppData\\Roaming\\nvm\\v20.19.6\\node_modules\\firebase-tools\\lib\\bin\\firebase.js"]}
[debug] [2026-01-25T14:43:56.907Z] checkFunctionsSDKVersion encountered error: Invalid Version:  {}
[debug] [2026-01-25T14:43:56.912Z] > [functions] package.json contents: {
  "name": "functions",
  "description": "Cloud Functions for Firebase",
  "scripts": {
    "lint": "eslint .",
    "dev": "firebase emulators:start --inspect-functions --only functions",
    "serve": "firebase emulators:start --only functions",
    "shell": "firebase functions:shell",
    "start": "npm run shell",
    "deploy": "firebase deploy --only functions",
    "logs": "firebase functions:log"
  },
  "engines": {
    "node": "24"
  },
  "main": "index.js",
  "dependencies": {
    "cors": "^2.8.5",
    "firebase-admin": "^13.6.0",
    "firebase-functions": "^7.0.0",
    "nodemailer": "^6.9.7",
    "razorpay": "^2.9.6"
  },
  "devDependencies": {
    "@typescript-eslint/eslint-plugin": "^8.50.1",
    "@typescript-eslint/parser": "^8.50.1",
    "eslint": "^9.39.2",
    "eslint-config-google": "^0.14.0",
    "firebase-functions-test": "^3.4.1"
  },
  "private": true
}
[debug] [2026-01-25T14:43:56.913Z] Building nodejs source
[debug] [2026-01-25T14:43:56.913Z] Failed to find version of module node: reached end of search path M:\naresh\sprintothon\functions\node_modules
[warn] !  functions: Your requested "node" version "24" doesn't match your global version "20". Using node@20 from host. 
[debug] [2026-01-25T14:43:56.919Z] Could not parse firebase-functions version '' into semver.
[debug] [2026-01-25T14:43:56.921Z] Could not find functions.yaml. Must use http discovery
[error] !!  functions: Failed to load function definition from source: Error: Cannot find module 'firebase-functions'
Require stack:
- C:\Users\puria\AppData\Roaming\nvm\v20.19.6\node_modules\firebase-tools\lib\deploy\functions\runtimes\node\index.js
- C:\Users\puria\AppData\Roaming\nvm\v20.19.6\node_modules\firebase-tools\lib\deploy\functions\runtimes\index.js
- C:\Users\puria\AppData\Roaming\nvm\v20.19.6\node_modules\firebase-tools\lib\deploy\functions\prepare.js
- C:\Users\puria\AppData\Roaming\nvm\v20.19.6\node_modules\firebase-tools\lib\emulator\functionsEmulatorShared.js
- C:\Users\puria\AppData\Roaming\nvm\v20.19.6\node_modules\firebase-tools\lib\emulator\functionsEmulator.js
- C:\Users\puria\AppData\Roaming\nvm\v20.19.6\node_modules\firebase-tools\lib\emulator\controller.js
- C:\Users\puria\AppData\Roaming\nvm\v20.19.6\node_modules\firebase-tools\lib\commands\emulators-start.js
- C:\Users\puria\AppData\Roaming\nvm\v20.19.6\node_modules\firebase-tools\lib\commands\index.js
- C:\Users\puria\AppData\Roaming\nvm\v20.19.6\node_modules\firebase-tools\lib\index.js
- C:\Users\puria\AppData\Roaming\nvm\v20.19.6\node_modules\firebase-tools\lib\bin\cli.js
- C:\Users\puria\AppData\Roaming\nvm\v20.19.6\node_modules\firebase-tools\lib\bin\firebase.js {"metadata":{"emulator":{"name":"functions"},"message":"Failed to load function definition from source: Error: Cannot find module 'firebase-functions'\nRequire stack:\n- C:\\Users\\puria\\AppData\\Roaming\\nvm\\v20.19.6\\node_modules\\firebase-tools\\lib\\deploy\\functions\\runtimes\\node\\index.js\n- C:\\Users\\puria\\AppData\\Roaming\\nvm\\v20.19.6\\node_modules\\firebase-tools\\lib\\deploy\\functions\\runtimes\\index.js\n- C:\\Users\\puria\\AppData\\Roaming\\nvm\\v20.19.6\\node_modules\\firebase-tools\\lib\\deploy\\functions\\prepare.js\n- C:\\Users\\puria\\AppData\\Roaming\\nvm\\v20.19.6\\node_modules\\firebase-tools\\lib\\emulator\\functionsEmulatorShared.js\n- C:\\Users\\puria\\AppData\\Roaming\\nvm\\v20.19.6\\node_modules\\firebase-tools\\lib\\emulator\\functionsEmulator.js\n- C:\\Users\\puria\\AppData\\Roaming\\nvm\\v20.19.6\\node_modules\\firebase-tools\\lib\\emulator\\controller.js\n- C:\\Users\\puria\\AppData\\Roaming\\nvm\\v20.19.6\\node_modules\\firebase-tools\\lib\\commands\\emulators-start.js\n- C:\\Users\\puria\\AppData\\Roaming\\nvm\\v20.19.6\\node_modules\\firebase-tools\\lib\\commands\\index.js\n- C:\\Users\\puria\\AppData\\Roaming\\nvm\\v20.19.6\\node_modules\\firebase-tools\\lib\\index.js\n- C:\\Users\\puria\\AppData\\Roaming\\nvm\\v20.19.6\\node_modules\\firebase-tools\\lib\\bin\\cli.js\n- C:\\Users\\puria\\AppData\\Roaming\\nvm\\v20.19.6\\node_modules\\firebase-tools\\lib\\bin\\firebase.js"}}
[debug] [2026-01-25T14:47:36.264Z] File M:\naresh\sprintothon\functions\index.js changed, reloading triggers {"metadata":{"emulator":{"name":"functions"},"message":"File M:\\naresh\\sprintothon\\functions\\index.js changed, reloading triggers"}}
[debug] [2026-01-25T14:47:37.268Z] Validating nodejs source
[warn] !  functions: Couldn't find firebase-functions package in your source code. Have you run 'npm install'? 
[debug] [2026-01-25T14:47:37.271Z] getFunctionsSDKVersion encountered error: Cannot find module 'firebase-functions'
Require stack:
- C:\Users\puria\AppData\Roaming\nvm\v20.19.6\node_modules\firebase-tools\lib\deploy\functions\runtimes\node\versioning.js
- C:\Users\puria\AppData\Roaming\nvm\v20.19.6\node_modules\firebase-tools\lib\deploy\functions\runtimes\node\index.js
- C:\Users\puria\AppData\Roaming\nvm\v20.19.6\node_modules\firebase-tools\lib\deploy\functions\runtimes\index.js
- C:\Users\puria\AppData\Roaming\nvm\v20.19.6\node_modules\firebase-tools\lib\deploy\functions\prepare.js
- C:\Users\puria\AppData\Roaming\nvm\v20.19.6\node_modules\firebase-tools\lib\emulator\functionsEmulatorShared.js
- C:\Users\puria\AppData\Roaming\nvm\v20.19.6\node_modules\firebase-tools\lib\emulator\functionsEmulator.js
- C:\Users\puria\AppData\Roaming\nvm\v20.19.6\node_modules\firebase-tools\lib\emulator\controller.js
- C:\Users\puria\AppData\Roaming\nvm\v20.19.6\node_modules\firebase-tools\lib\commands\emulators-start.js
- C:\Users\puria\AppData\Roaming\nvm\v20.19.6\node_modules\firebase-tools\lib\commands\index.js
- C:\Users\puria\AppData\Roaming\nvm\v20.19.6\node_modules\firebase-tools\lib\index.js
- C:\Users\puria\AppData\Roaming\nvm\v20.19.6\node_modules\firebase-tools\lib\bin\cli.js
- C:\Users\puria\AppData\Roaming\nvm\v20.19.6\node_modules\firebase-tools\lib\bin\firebase.js {"code":"MODULE_NOT_FOUND","requireStack":["C:\\Users\\puria\\AppData\\Roaming\\nvm\\v20.19.6\\node_modules\\firebase-tools\\lib\\deploy\\functions\\runtimes\\node\\versioning.js","C:\\Users\\puria\\AppData\\Roaming\\nvm\\v20.19.6\\node_modules\\firebase-tools\\lib\\deploy\\functions\\runtimes\\node\\index.js","C:\\Users\\puria\\AppData\\Roaming\\nvm\\v20.19.6\\node_modules\\firebase-tools\\lib\\deploy\\functions\\runtimes\\index.js","C:\\Users\\puria\\AppData\\Roaming\\nvm\\v20.19.6\\node_modules\\firebase-tools\\lib\\deploy\\functions\\prepare.js","C:\\Users\\puria\\AppData\\Roaming\\nvm\\v20.19.6\\node_modules\\firebase-tools\\lib\\emulator\\functionsEmulatorShared.js","C:\\Users\\puria\\AppData\\Roaming\\nvm\\v20.19.6\\node_modules\\firebase-tools\\lib\\emulator\\functionsEmulator.js","C:\\Users\\puria\\AppData\\Roaming\\nvm\\v20.19.6\\node_modules\\firebase-tools\\lib\\emulator\\controller.js","C:\\Users\\puria\\AppData\\Roaming\\nvm\\v20.19.6\\node_modules\\firebase-tools\\lib\\commands\\emulators-start.js","C:\\Users\\puria\\AppData\\Roaming\\nvm\\v20.19.6\\node_modules\\firebase-tools\\lib\\commands\\index.js","C:\\Users\\puria\\AppData\\Roaming\\nvm\\v20.19.6\\node_modules\\firebase-tools\\lib\\index.js","C:\\Users\\puria\\AppData\\Roaming\\nvm\\v20.19.6\\node_modules\\firebase-tools\\lib\\bin\\cli.js","C:\\Users\\puria\\AppData\\Roaming\\nvm\\v20.19.6\\node_modules\\firebase-tools\\lib\\bin\\firebase.js"]}
[debug] [2026-01-25T14:47:37.272Z] checkFunctionsSDKVersion encountered error: Invalid Version:  {}
[debug] [2026-01-25T14:47:37.274Z] > [functions] package.json contents: {
  "name": "functions",
  "description": "Cloud Functions for Firebase",
  "scripts": {
    "lint": "eslint .",
    "dev": "firebase emulators:start --inspect-functions --only functions",
    "serve": "firebase emulators:start --only functions",
    "shell": "firebase functions:shell",
    "start": "npm run shell",
    "deploy": "firebase deploy --only functions",
    "logs": "firebase functions:log"
  },
  "engines": {
    "node": "24"
  },
  "main": "index.js",
  "dependencies": {
    "cors": "^2.8.5",
    "firebase-admin": "^13.6.0",
    "firebase-functions": "^7.0.0",
    "nodemailer": "^6.9.7",
    "razorpay": "^2.9.6"
  },
  "devDependencies": {
    "@typescript-eslint/eslint-plugin": "^8.50.1",
    "@typescript-eslint/parser": "^8.50.1",
    "eslint": "^9.39.2",
    "eslint-config-google": "^0.14.0",
    "firebase-functions-test": "^3.4.1"
  },
  "private": true
}
[debug] [2026-01-25T14:47:37.274Z] Building nodejs source
[debug] [2026-01-25T14:47:37.274Z] Failed to find version of module node: reached end of search path M:\naresh\sprintothon\functions\node_modules
[warn] !  functions: Your requested "node" version "24" doesn't match your global version "20". Using node@20 from host. 
[debug] [2026-01-25T14:47:37.275Z] Could not parse firebase-functions version '' into semver.
[debug] [2026-01-25T14:47:37.276Z] Could not find functions.yaml. Must use http discovery
[error] !!  functions: Failed to load function definition from source: Error: Cannot find module 'firebase-functions'
Require stack:
- C:\Users\puria\AppData\Roaming\nvm\v20.19.6\node_modules\firebase-tools\lib\deploy\functions\runtimes\node\index.js
- C:\Users\puria\AppData\Roaming\nvm\v20.19.6\node_modules\firebase-tools\lib\deploy\functions\runtimes\index.js
- C:\Users\puria\AppData\Roaming\nvm\v20.19.6\node_modules\firebase-tools\lib\deploy\functions\prepare.js
- C:\Users\puria\AppData\Roaming\nvm\v20.19.6\node_modules\firebase-tools\lib\emulator\functionsEmulatorShared.js
- C:\Users\puria\AppData\Roaming\nvm\v20.19.6\node_modules\firebase-tools\lib\emulator\functionsEmulator.js
- C:\Users\puria\AppData\Roaming\nvm\v20.19.6\node_modules\firebase-tools\lib\emulator\controller.js
- C:\Users\puria\AppData\Roaming\nvm\v20.19.6\node_modules\firebase-tools\lib\commands\emulators-start.js
- C:\Users\puria\AppData\Roaming\nvm\v20.19.6\node_modules\firebase-tools\lib\commands\index.js
- C:\Users\puria\AppData\Roaming\nvm\v20.19.6\node_modules\firebase-tools\lib\index.js
- C:\Users\puria\AppData\Roaming\nvm\v20.19.6\node_modules\firebase-tools\lib\bin\cli.js
- C:\Users\puria\AppData\Roaming\nvm\v20.19.6\node_modules\firebase-tools\lib\bin\firebase.js {"metadata":{"emulator":{"name":"functions"},"message":"Failed to load function definition from source: Error: Cannot find module 'firebase-functions'\nRequire stack:\n- C:\\Users\\puria\\AppData\\Roaming\\nvm\\v20.19.6\\node_modules\\firebase-tools\\lib\\deploy\\functions\\runtimes\\node\\index.js\n- C:\\Users\\puria\\AppData\\Roaming\\nvm\\v20.19.6\\node_modules\\firebase-tools\\lib\\deploy\\functions\\runtimes\\index.js\n- C:\\Users\\puria\\AppData\\Roaming\\nvm\\v20.19.6\\node_modules\\firebase-tools\\lib\\deploy\\functions\\prepare.js\n- C:\\Users\\puria\\AppData\\Roaming\\nvm\\v20.19.6\\node_modules\\firebase-tools\\lib\\emulator\\functionsEmulatorShared.js\n- C:\\Users\\puria\\AppData\\Roaming\\nvm\\v20.19.6\\node_modules\\firebase-tools\\lib\\emulator\\functionsEmulator.js\n- C:\\Users\\puria\\AppData\\Roaming\\nvm\\v20.19.6\\node_modules\\firebase-tools\\lib\\emulator\\controller.js\n- C:\\Users\\puria\\AppData\\Roaming\\nvm\\v20.19.6\\node_modules\\firebase-tools\\lib\\commands\\emulators-start.js\n- C:\\Users\\puria\\AppData\\Roaming\\nvm\\v20.19.6\\node_modules\\firebase-tools\\lib\\commands\\index.js\n- C:\\Users\\puria\\AppData\\Roaming\\nvm\\v20.19.6\\node_modules\\firebase-tools\\lib\\index.js\n- C:\\Users\\puria\\AppData\\Roaming\\nvm\\v20.19.6\\node_modules\\firebase-tools\\lib\\bin\\cli.js\n- C:\\Users\\puria\\AppData\\Roaming\\nvm\\v20.19.6\\node_modules\\firebase-tools\\lib\\bin\\firebase.js"}}
[debug] [2026-01-25T14:50:38.713Z] File M:\naresh\sprintothon\functions\package.json changed, reloading triggers {"metadata":{"emulator":{"name":"functions"},"message":"File M:\\naresh\\sprintothon\\functions\\package.json changed, reloading triggers"}}
[debug] [2026-01-25T14:50:39.735Z] Validating nodejs source
[warn] !  functions: package.json indicates an outdated version of firebase-functions. Please upgrade using npm install --save firebase-functions@latest in your functions directory. 
[debug] [2026-01-25T14:50:43.723Z] > [functions] package.json contents: {
  "name": "functions",
  "description": "Cloud Functions for Firebase",
  "scripts": {
    "lint": "eslint .",
    "dev": "firebase emulators:start --inspect-functions --only functions",
    "serve": "firebase emulators:start --only functions",
    "shell": "firebase functions:shell",
    "start": "npm run shell",
    "deploy": "firebase deploy --only functions",
    "logs": "firebase functions:log"
  },
  "engines": {
    "node": "24"
  },
  "main": "index.js",
  "dependencies": {
    "cors": "^2.8.5",
    "firebase-admin": "^13.6.0",
    "firebase-functions": "^7.0.0",
    "nodemailer": "^6.10.1",
    "razorpay": "^2.9.6"
  },
  "devDependencies": {
    "@typescript-eslint/eslint-plugin": "^8.50.1",
    "@typescript-eslint/parser": "^8.50.1",
    "eslint": "^9.39.2",
    "eslint-config-google": "^0.14.0",
    "firebase-functions-test": "^3.4.1"
  },
  "private": true
}
[debug] [2026-01-25T14:50:43.724Z] Building nodejs source
[debug] [2026-01-25T14:50:43.724Z] Failed to find version of module node: reached end of search path M:\naresh\sprintothon\functions\node_modules
[warn] !  functions: Your requested "node" version "24" doesn't match your global version "20". Using node@20 from host. 
[debug] [2026-01-25T14:50:43.729Z] Could not find functions.yaml. Must use http discovery
[debug] [2026-01-25T14:50:43.739Z] Found firebase-functions binary at 'M:\naresh\sprintothon\functions\node_modules\.bin\firebase-functions'
[debug] [2026-01-25T14:50:43.767Z] File M:\naresh\sprintothon\functions\package-lock.json changed, reloading triggers {"metadata":{"emulator":{"name":"functions"},"message":"File M:\\naresh\\sprintothon\\functions\\package-lock.json changed, reloading triggers"}}
[info] Serving at port 8631

[debug] [2026-01-25T14:50:44.772Z] Validating nodejs source
[warn] !  functions: package.json indicates an outdated version of firebase-functions. Please upgrade using npm install --save firebase-functions@latest in your functions directory. 
[debug] [2026-01-25T14:50:46.045Z] > [functions] package.json contents: {
  "name": "functions",
  "description": "Cloud Functions for Firebase",
  "scripts": {
    "lint": "eslint .",
    "dev": "firebase emulators:start --inspect-functions --only functions",
    "serve": "firebase emulators:start --only functions",
    "shell": "firebase functions:shell",
    "start": "npm run shell",
    "deploy": "firebase deploy --only functions",
    "logs": "firebase functions:log"
  },
  "engines": {
    "node": "24"
  },
  "main": "index.js",
  "dependencies": {
    "cors": "^2.8.5",
    "firebase-admin": "^13.6.0",
    "firebase-functions": "^7.0.0",
    "nodemailer": "^6.10.1",
    "razorpay": "^2.9.6"
  },
  "devDependencies": {
    "@typescript-eslint/eslint-plugin": "^8.50.1",
    "@typescript-eslint/parser": "^8.50.1",
    "eslint": "^9.39.2",
    "eslint-config-google": "^0.14.0",
    "firebase-functions-test": "^3.4.1"
  },
  "private": true
}
[debug] [2026-01-25T14:50:46.046Z] Building nodejs source
[debug] [2026-01-25T14:50:46.046Z] Failed to find version of module node: reached end of search path M:\naresh\sprintothon\functions\node_modules
[warn] !  functions: Your requested "node" version "24" doesn't match your global version "20". Using node@20 from host. 
[debug] [2026-01-25T14:50:46.047Z] Could not find functions.yaml. Must use http discovery
[debug] [2026-01-25T14:50:46.057Z] Found firebase-functions binary at 'M:\naresh\sprintothon\functions\node_modules\.bin\firebase-functions'
[debug] [2026-01-25T14:50:46.072Z] Got response from /__/functions.yaml {"endpoints":{"api":{"availableMemoryMb":null,"timeoutSeconds":null,"minInstances":null,"maxInstances":null,"ingressSettings":null,"concurrency":null,"serviceAccountEmail":null,"vpc":null,"platform":"gcfv2","labels":{},"httpsTrigger":{},"entryPoint":"api"},"capturePaymentHttp":{"availableMemoryMb":null,"timeoutSeconds":null,"minInstances":null,"maxInstances":null,"ingressSettings":null,"concurrency":null,"serviceAccountEmail":null,"vpc":null,"platform":"gcfv2","labels":{},"callableTrigger":{},"entryPoint":"capturePaymentHttp"}},"specVersion":"v1alpha1","requiredAPIs":[],"extensions":{}}
[info] Serving at port 8356

[debug] [2026-01-25T14:50:47.657Z] Got response from /__/functions.yaml {"endpoints":{"api":{"availableMemoryMb":null,"timeoutSeconds":null,"minInstances":null,"maxInstances":null,"ingressSettings":null,"concurrency":null,"serviceAccountEmail":null,"vpc":null,"platform":"gcfv2","labels":{},"httpsTrigger":{},"entryPoint":"api"},"capturePaymentHttp":{"availableMemoryMb":null,"timeoutSeconds":null,"minInstances":null,"maxInstances":null,"ingressSettings":null,"concurrency":null,"serviceAccountEmail":null,"vpc":null,"platform":"gcfv2","labels":{},"callableTrigger":{},"entryPoint":"capturePaymentHttp"}},"specVersion":"v1alpha1","requiredAPIs":[],"extensions":{}}
[info] +  functions: Loaded functions definitions from source: api, capturePaymentHttp. {"metadata":{"emulator":{"name":"functions"},"message":"Loaded functions definitions from source: api, capturePaymentHttp."}}
[info] +  functions[us-central1-api]: http function initialized (http://127.0.0.1:5001/sprintothon-cd194/us-central1/api). {"metadata":{"emulator":{"name":"functions"},"message":"\u001b[1mhttp\u001b[22m function initialized (http://127.0.0.1:5001/sprintothon-cd194/us-central1/api)."}}
[info] +  functions[us-central1-capturePaymentHttp]: http function initialized (http://127.0.0.1:5001/sprintothon-cd194/us-central1/capturePaymentHttp). {"metadata":{"emulator":{"name":"functions"},"message":"\u001b[1mhttp\u001b[22m function initialized (http://127.0.0.1:5001/sprintothon-cd194/us-central1/capturePaymentHttp)."}}
[info] +  functions: Loaded functions definitions from source: api, capturePaymentHttp. {"metadata":{"emulator":{"name":"functions"},"message":"Loaded functions definitions from source: api, capturePaymentHttp."}}
[debug] [2026-01-25T14:52:06.833Z] File M:\naresh\sprintothon\functions\package.json changed, reloading triggers {"metadata":{"emulator":{"name":"functions"},"message":"File M:\\naresh\\sprintothon\\functions\\package.json changed, reloading triggers"}}
[debug] [2026-01-25T14:52:07.849Z] Validating nodejs source
[warn] !  functions: package.json indicates an outdated version of firebase-functions. Please upgrade using npm install --save firebase-functions@latest in your functions directory. 
[debug] [2026-01-25T14:52:09.170Z] > [functions] package.json contents: {
  "name": "functions",
  "description": "Cloud Functions for Firebase",
  "scripts": {
    "lint": "eslint .",
    "dev": "firebase emulators:start --inspect-functions --only functions",
    "serve": "firebase emulators:start --only functions",
    "shell": "firebase functions:shell",
    "start": "npm run shell",
    "deploy": "firebase deploy --only functions",
    "logs": "firebase functions:log"
  },
  "engines": {
    "node": "24"
  },
  "main": "index.js",
  "dependencies": {
    "cors": "^2.8.5",
    "firebase-admin": "^13.6.0",
    "firebase-functions": "^7.0.0",
    "nodemailer": "^6.10.1",
    "razorpay": "^2.9.6"
  },
  "devDependencies": {
    "@typescript-eslint/eslint-plugin": "^8.50.1",
    "@typescript-eslint/parser": "^8.50.1",
    "eslint": "^9.39.2",
    "eslint-config-google": "^0.14.0",
    "firebase-functions-test": "^3.4.1"
  },
  "private": true
}
[debug] [2026-01-25T14:52:09.171Z] Building nodejs source
[debug] [2026-01-25T14:52:09.171Z] Failed to find version of module node: reached end of search path M:\naresh\sprintothon\functions\node_modules
[warn] !  functions: Your requested "node" version "24" doesn't match your global version "20". Using node@20 from host. 
[debug] [2026-01-25T14:52:09.173Z] Could not find functions.yaml. Must use http discovery
[debug] [2026-01-25T14:52:09.190Z] Found firebase-functions binary at 'M:\naresh\sprintothon\functions\node_modules\.bin\firebase-functions'
[info] Serving at port 8966

[debug] [2026-01-25T14:52:10.305Z] Got response from /__/functions.yaml {"endpoints":{"api":{"availableMemoryMb":null,"timeoutSeconds":null,"minInstances":null,"maxInstances":null,"ingressSettings":null,"concurrency":null,"serviceAccountEmail":null,"vpc":null,"platform":"gcfv2","labels":{},"httpsTrigger":{},"entryPoint":"api"},"capturePaymentHttp":{"availableMemoryMb":null,"timeoutSeconds":null,"minInstances":null,"maxInstances":null,"ingressSettings":null,"concurrency":null,"serviceAccountEmail":null,"vpc":null,"platform":"gcfv2","labels":{},"callableTrigger":{},"entryPoint":"capturePaymentHttp"}},"specVersion":"v1alpha1","requiredAPIs":[],"extensions":{}}
[info] +  functions: Loaded functions definitions from source: api, capturePaymentHttp. {"metadata":{"emulator":{"name":"functions"},"message":"Loaded functions definitions from source: api, capturePaymentHttp."}}
[debug] [2026-01-25T14:56:52.356Z] File M:\naresh\sprintothon\functions\index.js changed, reloading triggers {"metadata":{"emulator":{"name":"functions"},"message":"File M:\\naresh\\sprintothon\\functions\\index.js changed, reloading triggers"}}
[debug] [2026-01-25T14:56:53.366Z] Validating nodejs source
[warn] !  functions: package.json indicates an outdated version of firebase-functions. Please upgrade using npm install --save firebase-functions@latest in your functions directory. 
[debug] [2026-01-25T14:56:56.555Z] > [functions] package.json contents: {
  "name": "functions",
  "description": "Cloud Functions for Firebase",
  "scripts": {
    "lint": "eslint .",
    "dev": "firebase emulators:start --inspect-functions --only functions",
    "serve": "firebase emulators:start --only functions",
    "shell": "firebase functions:shell",
    "start": "npm run shell",
    "deploy": "firebase deploy --only functions",
    "logs": "firebase functions:log"
  },
  "engines": {
    "node": "24"
  },
  "main": "index.js",
  "dependencies": {
    "cors": "^2.8.5",
    "firebase-admin": "^13.6.0",
    "firebase-functions": "^7.0.0",
    "nodemailer": "^6.10.1",
    "razorpay": "^2.9.6"
  },
  "devDependencies": {
    "@typescript-eslint/eslint-plugin": "^8.50.1",
    "@typescript-eslint/parser": "^8.50.1",
    "eslint": "^9.39.2",
    "eslint-config-google": "^0.14.0",
    "firebase-functions-test": "^3.4.1"
  },
  "private": true
}
[debug] [2026-01-25T14:56:56.555Z] Building nodejs source
[debug] [2026-01-25T14:56:56.555Z] Failed to find version of module node: reached end of search path M:\naresh\sprintothon\functions\node_modules
[warn] !  functions: Your requested "node" version "24" doesn't match your global version "20". Using node@20 from host. 
[debug] [2026-01-25T14:56:56.561Z] Could not find functions.yaml. Must use http discovery
[debug] [2026-01-25T14:56:56.574Z] Found firebase-functions binary at 'M:\naresh\sprintothon\functions\node_modules\.bin\firebase-functions'
[info] Serving at port 8189

[debug] [2026-01-25T14:56:57.834Z] Got response from /__/functions.yaml {"endpoints":{"api":{"availableMemoryMb":null,"timeoutSeconds":null,"minInstances":null,"maxInstances":null,"ingressSettings":null,"concurrency":null,"serviceAccountEmail":null,"vpc":null,"platform":"gcfv2","labels":{},"httpsTrigger":{},"entryPoint":"api"},"capturePaymentHttp":{"availableMemoryMb":null,"timeoutSeconds":null,"minInstances":null,"maxInstances":null,"ingressSettings":null,"concurrency":null,"serviceAccountEmail":null,"vpc":null,"platform":"gcfv2","labels":{},"callableTrigger":{},"entryPoint":"capturePaymentHttp"}},"specVersion":"v1alpha1","requiredAPIs":[],"extensions":{}}
[info] +  functions: Loaded functions definitions from source: api, capturePaymentHttp. {"metadata":{"emulator":{"name":"functions"},"message":"Loaded functions definitions from source: api, capturePaymentHttp."}}
[debug] [2026-01-25T14:58:21.093Z] File M:\naresh\sprintothon\functions\index.js changed, reloading triggers {"metadata":{"emulator":{"name":"functions"},"message":"File M:\\naresh\\sprintothon\\functions\\index.js changed, reloading triggers"}}
[debug] [2026-01-25T14:58:22.104Z] Validating nodejs source
[warn] !  functions: package.json indicates an outdated version of firebase-functions. Please upgrade using npm install --save firebase-functions@latest in your functions directory. 
[debug] [2026-01-25T14:58:23.302Z] > [functions] package.json contents: {
  "name": "functions",
  "description": "Cloud Functions for Firebase",
  "scripts": {
    "lint": "eslint .",
    "dev": "firebase emulators:start --inspect-functions --only functions",
    "serve": "firebase emulators:start --only functions",
    "shell": "firebase functions:shell",
    "start": "npm run shell",
    "deploy": "firebase deploy --only functions",
    "logs": "firebase functions:log"
  },
  "engines": {
    "node": "24"
  },
  "main": "index.js",
  "dependencies": {
    "cors": "^2.8.5",
    "firebase-admin": "^13.6.0",
    "firebase-functions": "^7.0.0",
    "nodemailer": "^6.10.1",
    "razorpay": "^2.9.6"
  },
  "devDependencies": {
    "@typescript-eslint/eslint-plugin": "^8.50.1",
    "@typescript-eslint/parser": "^8.50.1",
    "eslint": "^9.39.2",
    "eslint-config-google": "^0.14.0",
    "firebase-functions-test": "^3.4.1"
  },
  "private": true
}
[debug] [2026-01-25T14:58:23.303Z] Building nodejs source
[debug] [2026-01-25T14:58:23.303Z] Failed to find version of module node: reached end of search path M:\naresh\sprintothon\functions\node_modules
[warn] !  functions: Your requested "node" version "24" doesn't match your global version "20". Using node@20 from host. 
[debug] [2026-01-25T14:58:23.305Z] Could not find functions.yaml. Must use http discovery
[debug] [2026-01-25T14:58:23.318Z] Found firebase-functions binary at 'M:\naresh\sprintothon\functions\node_modules\.bin\firebase-functions'
[info] Serving at port 8141

[debug] [2026-01-25T14:58:24.750Z] Got response from /__/functions.yaml {"endpoints":{"api":{"availableMemoryMb":null,"timeoutSeconds":null,"minInstances":null,"maxInstances":null,"ingressSettings":null,"concurrency":null,"serviceAccountEmail":null,"vpc":null,"platform":"gcfv2","labels":{},"httpsTrigger":{},"entryPoint":"api"},"capturePaymentHttp":{"availableMemoryMb":null,"timeoutSeconds":null,"minInstances":null,"maxInstances":null,"ingressSettings":null,"concurrency":null,"serviceAccountEmail":null,"vpc":null,"platform":"gcfv2","labels":{},"callableTrigger":{},"entryPoint":"capturePaymentHttp"}},"specVersion":"v1alpha1","requiredAPIs":[],"extensions":{}}
[info] +  functions: Loaded functions definitions from source: api, capturePaymentHttp. {"metadata":{"emulator":{"name":"functions"},"message":"Loaded functions definitions from source: api, capturePaymentHttp."}}
[debug] [2026-01-25T15:00:55.403Z] File M:\naresh\sprintothon\functions\index.js changed, reloading triggers {"metadata":{"emulator":{"name":"functions"},"message":"File M:\\naresh\\sprintothon\\functions\\index.js changed, reloading triggers"}}
[debug] [2026-01-25T15:00:56.416Z] Validating nodejs source
[warn] !  functions: package.json indicates an outdated version of firebase-functions. Please upgrade using npm install --save firebase-functions@latest in your functions directory. 
[debug] [2026-01-25T15:00:58.427Z] > [functions] package.json contents: {
  "name": "functions",
  "description": "Cloud Functions for Firebase",
  "scripts": {
    "lint": "eslint .",
    "dev": "firebase emulators:start --inspect-functions --only functions",
    "serve": "firebase emulators:start --only functions",
    "shell": "firebase functions:shell",
    "start": "npm run shell",
    "deploy": "firebase deploy --only functions",
    "logs": "firebase functions:log"
  },
  "engines": {
    "node": "24"
  },
  "main": "index.js",
  "dependencies": {
    "cors": "^2.8.5",
    "firebase-admin": "^13.6.0",
    "firebase-functions": "^7.0.0",
    "nodemailer": "^6.10.1",
    "razorpay": "^2.9.6"
  },
  "devDependencies": {
    "@typescript-eslint/eslint-plugin": "^8.50.1",
    "@typescript-eslint/parser": "^8.50.1",
    "eslint": "^9.39.2",
    "eslint-config-google": "^0.14.0",
    "firebase-functions-test": "^3.4.1"
  },
  "private": true
}
[debug] [2026-01-25T15:00:58.427Z] Building nodejs source
[debug] [2026-01-25T15:00:58.427Z] Failed to find version of module node: reached end of search path M:\naresh\sprintothon\functions\node_modules
[warn] !  functions: Your requested "node" version "24" doesn't match your global version "20". Using node@20 from host. 
[debug] [2026-01-25T15:00:58.429Z] Could not find functions.yaml. Must use http discovery
[debug] [2026-01-25T15:00:58.437Z] Found firebase-functions binary at 'M:\naresh\sprintothon\functions\node_modules\.bin\firebase-functions'
[info] Serving at port 8550

[debug] [2026-01-25T15:01:00.066Z] Got response from /__/functions.yaml {"endpoints":{"api":{"availableMemoryMb":null,"timeoutSeconds":null,"minInstances":null,"maxInstances":null,"ingressSettings":null,"concurrency":null,"serviceAccountEmail":null,"vpc":null,"platform":"gcfv2","labels":{},"httpsTrigger":{},"entryPoint":"api"},"capturePaymentHttp":{"availableMemoryMb":null,"timeoutSeconds":null,"minInstances":null,"maxInstances":null,"ingressSettings":null,"concurrency":null,"serviceAccountEmail":null,"vpc":null,"platform":"gcfv2","labels":{},"callableTrigger":{},"entryPoint":"capturePaymentHttp"}},"specVersion":"v1alpha1","requiredAPIs":[],"extensions":{}}
[info] +  functions: Loaded functions definitions from source: api, capturePaymentHttp. {"metadata":{"emulator":{"name":"functions"},"message":"Loaded functions definitions from source: api, capturePaymentHttp."}}
[debug] [2026-01-25T15:01:19.996Z] File M:\naresh\sprintothon\functions\index.js changed, reloading triggers {"metadata":{"emulator":{"name":"functions"},"message":"File M:\\naresh\\sprintothon\\functions\\index.js changed, reloading triggers"}}
[debug] [2026-01-25T15:01:20.998Z] Validating nodejs source
[warn] !  functions: package.json indicates an outdated version of firebase-functions. Please upgrade using npm install --save firebase-functions@latest in your functions directory. 
[debug] [2026-01-25T15:01:22.092Z] > [functions] package.json contents: {
  "name": "functions",
  "description": "Cloud Functions for Firebase",
  "scripts": {
    "lint": "eslint .",
    "dev": "firebase emulators:start --inspect-functions --only functions",
    "serve": "firebase emulators:start --only functions",
    "shell": "firebase functions:shell",
    "start": "npm run shell",
    "deploy": "firebase deploy --only functions",
    "logs": "firebase functions:log"
  },
  "engines": {
    "node": "24"
  },
  "main": "index.js",
  "dependencies": {
    "cors": "^2.8.5",
    "firebase-admin": "^13.6.0",
    "firebase-functions": "^7.0.0",
    "nodemailer": "^6.10.1",
    "razorpay": "^2.9.6"
  },
  "devDependencies": {
    "@typescript-eslint/eslint-plugin": "^8.50.1",
    "@typescript-eslint/parser": "^8.50.1",
    "eslint": "^9.39.2",
    "eslint-config-google": "^0.14.0",
    "firebase-functions-test": "^3.4.1"
  },
  "private": true
}
[debug] [2026-01-25T15:01:22.093Z] Building nodejs source
[debug] [2026-01-25T15:01:22.093Z] Failed to find version of module node: reached end of search path M:\naresh\sprintothon\functions\node_modules
[warn] !  functions: Your requested "node" version "24" doesn't match your global version "20". Using node@20 from host. 
[debug] [2026-01-25T15:01:22.094Z] Could not find functions.yaml. Must use http discovery
[debug] [2026-01-25T15:01:22.102Z] Found firebase-functions binary at 'M:\naresh\sprintothon\functions\node_modules\.bin\firebase-functions'
[info] Serving at port 8922

[error] ReferenceError: https is not defined
    at file:///M:/naresh/sprintothon/functions/index.js:43:20
    at ModuleJobSync.runSync (node:internal/modules/esm/module_job:437:37)
    at ModuleLoader.importSyncForRequire (node:internal/modules/esm/loader:389:47)
    at loadESMFromCJS (node:internal/modules/cjs/loader:1363:24)
    at Module._compile (node:internal/modules/cjs/loader:1503:5)
    at Module._extensions..js (node:internal/modules/cjs/loader:1623:10)
    at Module.load (node:internal/modules/cjs/loader:1266:32)
    at Module._load (node:internal/modules/cjs/loader:1091:12)
    at Module.require (node:internal/modules/cjs/loader:1289:19)
    at require (node:internal/modules/helpers:182:18)

[debug] [2026-01-25T15:01:23.030Z] Got response code 400; body Failed to generate manifest from function source: https is not defined
[error] !!  functions: Failed to load function definition from source: FirebaseError: Functions codebase could not be analyzed successfully. It may have a syntax or runtime error {"metadata":{"emulator":{"name":"functions"},"message":"Failed to load function definition from source: FirebaseError: Functions codebase could not be analyzed successfully. It may have a syntax or runtime error"}}
[debug] [2026-01-25T15:01:39.765Z] File M:\naresh\sprintothon\functions\index.js changed, reloading triggers {"metadata":{"emulator":{"name":"functions"},"message":"File M:\\naresh\\sprintothon\\functions\\index.js changed, reloading triggers"}}
[debug] [2026-01-25T15:01:40.769Z] Validating nodejs source
[warn] !  functions: package.json indicates an outdated version of firebase-functions. Please upgrade using npm install --save firebase-functions@latest in your functions directory. 
[debug] [2026-01-25T15:01:41.752Z] > [functions] package.json contents: {
  "name": "functions",
  "description": "Cloud Functions for Firebase",
  "scripts": {
    "lint": "eslint .",
    "dev": "firebase emulators:start --inspect-functions --only functions",
    "serve": "firebase emulators:start --only functions",
    "shell": "firebase functions:shell",
    "start": "npm run shell",
    "deploy": "firebase deploy --only functions",
    "logs": "firebase functions:log"
  },
  "engines": {
    "node": "24"
  },
  "main": "index.js",
  "dependencies": {
    "cors": "^2.8.5",
    "firebase-admin": "^13.6.0",
    "firebase-functions": "^7.0.0",
    "nodemailer": "^6.10.1",
    "razorpay": "^2.9.6"
  },
  "devDependencies": {
    "@typescript-eslint/eslint-plugin": "^8.50.1",
    "@typescript-eslint/parser": "^8.50.1",
    "eslint": "^9.39.2",
    "eslint-config-google": "^0.14.0",
    "firebase-functions-test": "^3.4.1"
  },
  "private": true
}
[debug] [2026-01-25T15:01:41.752Z] Building nodejs source
[debug] [2026-01-25T15:01:41.752Z] Failed to find version of module node: reached end of search path M:\naresh\sprintothon\functions\node_modules
[warn] !  functions: Your requested "node" version "24" doesn't match your global version "20". Using node@20 from host. 
[debug] [2026-01-25T15:01:41.754Z] Could not find functions.yaml. Must use http discovery
[debug] [2026-01-25T15:01:41.765Z] Found firebase-functions binary at 'M:\naresh\sprintothon\functions\node_modules\.bin\firebase-functions'
[info] Serving at port 8150

[debug] [2026-01-25T15:01:42.757Z] Got response from /__/functions.yaml {"endpoints":{"api":{"availableMemoryMb":null,"timeoutSeconds":null,"minInstances":null,"maxInstances":null,"ingressSettings":null,"concurrency":null,"serviceAccountEmail":null,"vpc":null,"platform":"gcfv2","labels":{},"httpsTrigger":{},"entryPoint":"api"},"capturePaymentHttp":{"availableMemoryMb":null,"timeoutSeconds":null,"minInstances":null,"maxInstances":null,"ingressSettings":null,"concurrency":null,"serviceAccountEmail":null,"vpc":null,"platform":"gcfv2","labels":{},"callableTrigger":{},"entryPoint":"capturePaymentHttp"}},"specVersion":"v1alpha1","requiredAPIs":[],"extensions":{}}
[info] +  functions: Loaded functions definitions from source: api, capturePaymentHttp. {"metadata":{"emulator":{"name":"functions"},"message":"Loaded functions definitions from source: api, capturePaymentHttp."}}
[debug] [2026-01-25T15:02:03.085Z] File M:\naresh\sprintothon\functions\index.js changed, reloading triggers {"metadata":{"emulator":{"name":"functions"},"message":"File M:\\naresh\\sprintothon\\functions\\index.js changed, reloading triggers"}}
[debug] [2026-01-25T15:02:04.089Z] Validating nodejs source
[warn] !  functions: package.json indicates an outdated version of firebase-functions. Please upgrade using npm install --save firebase-functions@latest in your functions directory. 
[debug] [2026-01-25T15:02:05.069Z] > [functions] package.json contents: {
  "name": "functions",
  "description": "Cloud Functions for Firebase",
  "scripts": {
    "lint": "eslint .",
    "dev": "firebase emulators:start --inspect-functions --only functions",
    "serve": "firebase emulators:start --only functions",
    "shell": "firebase functions:shell",
    "start": "npm run shell",
    "deploy": "firebase deploy --only functions",
    "logs": "firebase functions:log"
  },
  "engines": {
    "node": "24"
  },
  "main": "index.js",
  "dependencies": {
    "cors": "^2.8.5",
    "firebase-admin": "^13.6.0",
    "firebase-functions": "^7.0.0",
    "nodemailer": "^6.10.1",
    "razorpay": "^2.9.6"
  },
  "devDependencies": {
    "@typescript-eslint/eslint-plugin": "^8.50.1",
    "@typescript-eslint/parser": "^8.50.1",
    "eslint": "^9.39.2",
    "eslint-config-google": "^0.14.0",
    "firebase-functions-test": "^3.4.1"
  },
  "private": true
}
[debug] [2026-01-25T15:02:05.069Z] Building nodejs source
[debug] [2026-01-25T15:02:05.069Z] Failed to find version of module node: reached end of search path M:\naresh\sprintothon\functions\node_modules
[warn] !  functions: Your requested "node" version "24" doesn't match your global version "20". Using node@20 from host. 
[debug] [2026-01-25T15:02:05.071Z] Could not find functions.yaml. Must use http discovery
[debug] [2026-01-25T15:02:05.082Z] Found firebase-functions binary at 'M:\naresh\sprintothon\functions\node_modules\.bin\firebase-functions'
[info] Serving at port 8588

[error] ReferenceError: https is not defined
    at file:///M:/naresh/sprintothon/functions/index.js:43:20
    at ModuleJobSync.runSync (node:internal/modules/esm/module_job:437:37)
    at ModuleLoader.importSyncForRequire (node:internal/modules/esm/loader:389:47)
    at loadESMFromCJS (node:internal/modules/cjs/loader:1363:24)
    at Module._compile (node:internal/modules/cjs/loader:1503:5)
    at Module._extensions..js (node:internal/modules/cjs/loader:1623:10)
    at Module.load (node:internal/modules/cjs/loader:1266:32)
    at Module._load (node:internal/modules/cjs/loader:1091:12)
    at Module.require (node:internal/modules/cjs/loader:1289:19)
    at require (node:internal/modules/helpers:182:18)

[debug] [2026-01-25T15:02:05.993Z] Got response code 400; body Failed to generate manifest from function source: https is not defined
[error] !!  functions: Failed to load function definition from source: FirebaseError: Functions codebase could not be analyzed successfully. It may have a syntax or runtime error {"metadata":{"emulator":{"name":"functions"},"message":"Failed to load function definition from source: FirebaseError: Functions codebase could not be analyzed successfully. It may have a syntax or runtime error"}}
[debug] [2026-01-25T15:02:28.303Z] File M:\naresh\sprintothon\functions\index.js changed, reloading triggers {"metadata":{"emulator":{"name":"functions"},"message":"File M:\\naresh\\sprintothon\\functions\\index.js changed, reloading triggers"}}
[debug] [2026-01-25T15:02:29.304Z] Validating nodejs source
[warn] !  functions: package.json indicates an outdated version of firebase-functions. Please upgrade using npm install --save firebase-functions@latest in your functions directory. 
[debug] [2026-01-25T15:02:30.584Z] > [functions] package.json contents: {
  "name": "functions",
  "description": "Cloud Functions for Firebase",
  "scripts": {
    "lint": "eslint .",
    "dev": "firebase emulators:start --inspect-functions --only functions",
    "serve": "firebase emulators:start --only functions",
    "shell": "firebase functions:shell",
    "start": "npm run shell",
    "deploy": "firebase deploy --only functions",
    "logs": "firebase functions:log"
  },
  "engines": {
    "node": "24"
  },
  "main": "index.js",
  "dependencies": {
    "cors": "^2.8.5",
    "firebase-admin": "^13.6.0",
    "firebase-functions": "^7.0.0",
    "nodemailer": "^6.10.1",
    "razorpay": "^2.9.6"
  },
  "devDependencies": {
    "@typescript-eslint/eslint-plugin": "^8.50.1",
    "@typescript-eslint/parser": "^8.50.1",
    "eslint": "^9.39.2",
    "eslint-config-google": "^0.14.0",
    "firebase-functions-test": "^3.4.1"
  },
  "private": true
}
[debug] [2026-01-25T15:02:30.584Z] Building nodejs source
[debug] [2026-01-25T15:02:30.584Z] Failed to find version of module node: reached end of search path M:\naresh\sprintothon\functions\node_modules
[warn] !  functions: Your requested "node" version "24" doesn't match your global version "20". Using node@20 from host. 
[debug] [2026-01-25T15:02:30.586Z] Could not find functions.yaml. Must use http discovery
[debug] [2026-01-25T15:02:30.596Z] Found firebase-functions binary at 'M:\naresh\sprintothon\functions\node_modules\.bin\firebase-functions'
[info] Serving at port 8203

[debug] [2026-01-25T15:02:32.148Z] Got response from /__/functions.yaml {"endpoints":{"api":{"availableMemoryMb":null,"timeoutSeconds":null,"minInstances":null,"maxInstances":null,"ingressSettings":null,"concurrency":null,"serviceAccountEmail":null,"vpc":null,"platform":"gcfv2","labels":{},"httpsTrigger":{},"entryPoint":"api"},"capturePaymentHttp":{"availableMemoryMb":null,"timeoutSeconds":null,"minInstances":null,"maxInstances":null,"ingressSettings":null,"concurrency":null,"serviceAccountEmail":null,"vpc":null,"platform":"gcfv2","labels":{},"callableTrigger":{},"entryPoint":"capturePaymentHttp"}},"specVersion":"v1alpha1","requiredAPIs":[],"extensions":{}}
[info] +  functions: Loaded functions definitions from source: api, capturePaymentHttp. {"metadata":{"emulator":{"name":"functions"},"message":"Loaded functions definitions from source: api, capturePaymentHttp."}}
[debug] [2026-01-25T15:13:00.508Z] File M:\naresh\sprintothon\functions\index.js changed, reloading triggers {"metadata":{"emulator":{"name":"functions"},"message":"File M:\\naresh\\sprintothon\\functions\\index.js changed, reloading triggers"}}
[debug] [2026-01-25T15:13:01.553Z] Validating nodejs source
[warn] !  functions: package.json indicates an outdated version of firebase-functions. Please upgrade using npm install --save firebase-functions@latest in your functions directory. 
[debug] [2026-01-25T15:13:03.115Z] > [functions] package.json contents: {
  "name": "functions",
  "description": "Cloud Functions for Firebase",
  "scripts": {
    "lint": "eslint .",
    "dev": "firebase emulators:start --inspect-functions --only functions",
    "serve": "firebase emulators:start --only functions",
    "shell": "firebase functions:shell",
    "start": "npm run shell",
    "deploy": "firebase deploy --only functions",
    "logs": "firebase functions:log"
  },
  "engines": {
    "node": "24"
  },
  "main": "index.js",
  "dependencies": {
    "cors": "^2.8.5",
    "firebase-admin": "^13.6.0",
    "firebase-functions": "^7.0.0",
    "nodemailer": "^6.10.1",
    "razorpay": "^2.9.6"
  },
  "devDependencies": {
    "@typescript-eslint/eslint-plugin": "^8.50.1",
    "@typescript-eslint/parser": "^8.50.1",
    "eslint": "^9.39.2",
    "eslint-config-google": "^0.14.0",
    "firebase-functions-test": "^3.4.1"
  },
  "private": true
}
[debug] [2026-01-25T15:13:03.116Z] Building nodejs source
[debug] [2026-01-25T15:13:03.116Z] Failed to find version of module node: reached end of search path M:\naresh\sprintothon\functions\node_modules
[warn] !  functions: Your requested "node" version "24" doesn't match your global version "20". Using node@20 from host. 
[debug] [2026-01-25T15:13:03.124Z] Could not find functions.yaml. Must use http discovery
[debug] [2026-01-25T15:13:03.145Z] Found firebase-functions binary at 'M:\naresh\sprintothon\functions\node_modules\.bin\firebase-functions'
[info] Serving at port 8571

[debug] [2026-01-25T15:13:04.677Z] Got response from /__/functions.yaml {"endpoints":{"api":{"availableMemoryMb":null,"timeoutSeconds":null,"minInstances":null,"maxInstances":null,"ingressSettings":null,"concurrency":null,"serviceAccountEmail":null,"vpc":null,"platform":"gcfv2","labels":{},"httpsTrigger":{},"entryPoint":"api"},"capturePaymentHttp":{"availableMemoryMb":null,"timeoutSeconds":null,"minInstances":null,"maxInstances":null,"ingressSettings":null,"concurrency":null,"serviceAccountEmail":null,"vpc":null,"platform":"gcfv2","labels":{},"callableTrigger":{},"entryPoint":"capturePaymentHttp"}},"specVersion":"v1alpha1","requiredAPIs":[],"extensions":{}}
[info] +  functions: Loaded functions definitions from source: api, capturePaymentHttp. {"metadata":{"emulator":{"name":"functions"},"message":"Loaded functions definitions from source: api, capturePaymentHttp."}}
[debug] [2026-01-25T15:25:14.649Z] File M:\naresh\sprintothon\functions\index.js changed, reloading triggers {"metadata":{"emulator":{"name":"functions"},"message":"File M:\\naresh\\sprintothon\\functions\\index.js changed, reloading triggers"}}
[debug] [2026-01-25T15:25:15.701Z] Validating nodejs source
[warn] !  functions: package.json indicates an outdated version of firebase-functions. Please upgrade using npm install --save firebase-functions@latest in your functions directory. 
[debug] [2026-01-25T15:25:18.056Z] > [functions] package.json contents: {
  "name": "functions",
  "description": "Cloud Functions for Firebase",
  "scripts": {
    "lint": "eslint .",
    "dev": "firebase emulators:start --inspect-functions --only functions",
    "serve": "firebase emulators:start --only functions",
    "shell": "firebase functions:shell",
    "start": "npm run shell",
    "deploy": "firebase deploy --only functions",
    "logs": "firebase functions:log"
  },
  "engines": {
    "node": "24"
  },
  "main": "index.js",
  "dependencies": {
    "cors": "^2.8.5",
    "firebase-admin": "^13.6.0",
    "firebase-functions": "^7.0.0",
    "nodemailer": "^6.10.1",
    "razorpay": "^2.9.6"
  },
  "devDependencies": {
    "@typescript-eslint/eslint-plugin": "^8.50.1",
    "@typescript-eslint/parser": "^8.50.1",
    "eslint": "^9.39.2",
    "eslint-config-google": "^0.14.0",
    "firebase-functions-test": "^3.4.1"
  },
  "private": true
}
[debug] [2026-01-25T15:25:18.056Z] Building nodejs source
[debug] [2026-01-25T15:25:18.057Z] Failed to find version of module node: reached end of search path M:\naresh\sprintothon\functions\node_modules
[warn] !  functions: Your requested "node" version "24" doesn't match your global version "20". Using node@20 from host. 
[debug] [2026-01-25T15:25:18.066Z] Could not find functions.yaml. Must use http discovery
[debug] [2026-01-25T15:25:18.092Z] Found firebase-functions binary at 'M:\naresh\sprintothon\functions\node_modules\.bin\firebase-functions'
[info] Serving at port 8909

[debug] [2026-01-25T15:25:19.944Z] Got response from /__/functions.yaml {"endpoints":{"api":{"availableMemoryMb":null,"timeoutSeconds":null,"minInstances":null,"maxInstances":null,"ingressSettings":null,"concurrency":null,"serviceAccountEmail":null,"vpc":null,"platform":"gcfv2","labels":{},"httpsTrigger":{},"entryPoint":"api"},"capturePaymentHttp":{"availableMemoryMb":null,"timeoutSeconds":null,"minInstances":null,"maxInstances":null,"ingressSettings":null,"concurrency":null,"serviceAccountEmail":null,"vpc":null,"platform":"gcfv2","labels":{},"callableTrigger":{},"entryPoint":"capturePaymentHttp"}},"specVersion":"v1alpha1","requiredAPIs":[],"extensions":{}}
[info] +  functions: Loaded functions definitions from source: api, capturePaymentHttp. {"metadata":{"emulator":{"name":"functions"},"message":"Loaded functions definitions from source: api, capturePaymentHttp."}}
[debug] [2026-01-25T15:28:52.616Z] File M:\naresh\sprintothon\functions\index.js changed, reloading triggers {"metadata":{"emulator":{"name":"functions"},"message":"File M:\\naresh\\sprintothon\\functions\\index.js changed, reloading triggers"}}
[debug] [2026-01-25T15:28:53.620Z] Validating nodejs source
[warn] !  functions: package.json indicates an outdated version of firebase-functions. Please upgrade using npm install --save firebase-functions@latest in your functions directory. 
[debug] [2026-01-25T15:28:55.064Z] > [functions] package.json contents: {
  "name": "functions",
  "description": "Cloud Functions for Firebase",
  "scripts": {
    "lint": "eslint .",
    "dev": "firebase emulators:start --inspect-functions --only functions",
    "serve": "firebase emulators:start --only functions",
    "shell": "firebase functions:shell",
    "start": "npm run shell",
    "deploy": "firebase deploy --only functions",
    "logs": "firebase functions:log"
  },
  "engines": {
    "node": "24"
  },
  "main": "index.js",
  "dependencies": {
    "cors": "^2.8.5",
    "firebase-admin": "^13.6.0",
    "firebase-functions": "^7.0.0",
    "nodemailer": "^6.10.1",
    "razorpay": "^2.9.6"
  },
  "devDependencies": {
    "@typescript-eslint/eslint-plugin": "^8.50.1",
    "@typescript-eslint/parser": "^8.50.1",
    "eslint": "^9.39.2",
    "eslint-config-google": "^0.14.0",
    "firebase-functions-test": "^3.4.1"
  },
  "private": true
}
[debug] [2026-01-25T15:28:55.065Z] Building nodejs source
[debug] [2026-01-25T15:28:55.065Z] Failed to find version of module node: reached end of search path M:\naresh\sprintothon\functions\node_modules
[warn] !  functions: Your requested "node" version "24" doesn't match your global version "20". Using node@20 from host. 
[debug] [2026-01-25T15:28:55.068Z] Could not find functions.yaml. Must use http discovery
[debug] [2026-01-25T15:28:55.084Z] Found firebase-functions binary at 'M:\naresh\sprintothon\functions\node_modules\.bin\firebase-functions'
[info] Serving at port 8888

[debug] [2026-01-25T15:28:57.269Z] Got response from /__/functions.yaml {"endpoints":{"api":{"availableMemoryMb":null,"timeoutSeconds":null,"minInstances":null,"maxInstances":null,"ingressSettings":null,"concurrency":null,"serviceAccountEmail":null,"vpc":null,"platform":"gcfv2","labels":{},"httpsTrigger":{},"entryPoint":"api"},"capturePaymentHttp":{"availableMemoryMb":null,"timeoutSeconds":null,"minInstances":null,"maxInstances":null,"ingressSettings":null,"concurrency":null,"serviceAccountEmail":null,"vpc":null,"platform":"gcfv2","labels":{},"callableTrigger":{},"entryPoint":"capturePaymentHttp"}},"specVersion":"v1alpha1","requiredAPIs":[],"extensions":{}}
[info] +  functions: Loaded functions definitions from source: api, capturePaymentHttp. {"metadata":{"emulator":{"name":"functions"},"message":"Loaded functions definitions from source: api, capturePaymentHttp."}}
[debug] [2026-01-25T15:30:34.551Z] [work-queue] {"queuedWork":["/sprintothon-cd194/us-central1/capturePaymentHttp-2026-01-25T15:30:34.548Z"],"queueLength":1,"runningWork":[],"workRunningCount":0}
[debug] [2026-01-25T15:30:34.552Z] [work-queue] {"queuedWork":[],"queueLength":0,"runningWork":["/sprintothon-cd194/us-central1/capturePaymentHttp-2026-01-25T15:30:34.548Z"],"workRunningCount":1}
[debug] [2026-01-25T15:30:34.557Z] Accepted request OPTIONS /sprintothon-cd194/us-central1/capturePaymentHttp --> us-central1-capturePaymentHttp
[debug] [2026-01-25T15:30:34.567Z] [functions] Runtime ready! Sending request! {"metadata":{"emulator":{"name":"functions"},"message":"[functions] Runtime ready! Sending request!"}}
[debug] [2026-01-25T15:30:34.573Z] [functions] Got req.url=/sprintothon-cd194/us-central1/capturePaymentHttp, mapping to path=/ {"metadata":{"emulator":{"name":"functions"},"message":"[functions] Got req.url=/sprintothon-cd194/us-central1/capturePaymentHttp, mapping to path=/"}}
[debug] [2026-01-25T15:30:34.633Z] [worker-pool] addWorker(us-central1-capturePaymentHttp) {"metadata":{"emulator":{"name":"functions"},"message":"[worker-pool] addWorker(us-central1-capturePaymentHttp)"}}
[debug] [2026-01-25T15:30:34.639Z] [worker-pool] Adding worker with key us-central1-capturePaymentHttp, total=1 {"metadata":{"emulator":{"name":"functions"},"message":"[worker-pool] Adding worker with key us-central1-capturePaymentHttp, total=1"}}
[debug] [2026-01-25T15:30:37.150Z] [runtime-status] [14512] Resolved module firebase-admin {"declared":true,"installed":true,"version":"13.6.0","resolution":"M:\\naresh\\sprintothon\\functions\\node_modules\\firebase-admin\\lib\\index.js"} {"metadata":{"emulator":{"name":"functions"},"function":{"name":"us-central1-capturePaymentHttp"},"extension":{},"message":"[runtime-status] [14512] Resolved module firebase-admin {\"declared\":true,\"installed\":true,\"version\":\"13.6.0\",\"resolution\":\"M:\\\\naresh\\\\sprintothon\\\\functions\\\\node_modules\\\\firebase-admin\\\\lib\\\\index.js\"}"}}
[debug] [2026-01-25T15:30:37.150Z] [runtime-status] [14512] Resolved module firebase-functions {"declared":true,"installed":true,"version":"7.0.2","resolution":"M:\\naresh\\sprintothon\\functions\\node_modules\\firebase-functions\\lib\\v2\\index.js"} {"metadata":{"emulator":{"name":"functions"},"function":{"name":"us-central1-capturePaymentHttp"},"extension":{},"message":"[runtime-status] [14512] Resolved module firebase-functions {\"declared\":true,\"installed\":true,\"version\":\"7.0.2\",\"resolution\":\"M:\\\\naresh\\\\sprintothon\\\\functions\\\\node_modules\\\\firebase-functions\\\\lib\\\\v2\\\\index.js\"}"}}
[debug] [2026-01-25T15:30:37.150Z] [runtime-status] [14512] Outgoing network have been stubbed. [{"name":"http","status":"mocked"},{"name":"http","status":"mocked"},{"name":"https","status":"mocked"},{"name":"https","status":"mocked"},{"name":"net","status":"mocked"}] {"metadata":{"emulator":{"name":"functions"},"function":{"name":"us-central1-capturePaymentHttp"},"extension":{},"message":"[runtime-status] [14512] Outgoing network have been stubbed. [{\"name\":\"http\",\"status\":\"mocked\"},{\"name\":\"http\",\"status\":\"mocked\"},{\"name\":\"https\",\"status\":\"mocked\"},{\"name\":\"https\",\"status\":\"mocked\"},{\"name\":\"net\",\"status\":\"mocked\"}]"}}
[debug] [2026-01-25T15:30:37.150Z] [runtime-status] [14512] Resolved module firebase-functions {"declared":true,"installed":true,"version":"7.0.2","resolution":"M:\\naresh\\sprintothon\\functions\\node_modules\\firebase-functions\\lib\\v2\\index.js"} {"metadata":{"emulator":{"name":"functions"},"function":{"name":"us-central1-capturePaymentHttp"},"extension":{},"message":"[runtime-status] [14512] Resolved module firebase-functions {\"declared\":true,\"installed\":true,\"version\":\"7.0.2\",\"resolution\":\"M:\\\\naresh\\\\sprintothon\\\\functions\\\\node_modules\\\\firebase-functions\\\\lib\\\\v2\\\\index.js\"}"}}
[debug] [2026-01-25T15:30:37.151Z] [runtime-status] [14512] Detected firebase-functions v7+, skipping legacy stubs. {"metadata":{"emulator":{"name":"functions"},"function":{"name":"us-central1-capturePaymentHttp"},"extension":{},"message":"[runtime-status] [14512] Detected firebase-functions v7+, skipping legacy stubs."}}
[debug] [2026-01-25T15:30:37.151Z] [runtime-status] [14512] Resolved module firebase-admin {"declared":true,"installed":true,"version":"13.6.0","resolution":"M:\\naresh\\sprintothon\\functions\\node_modules\\firebase-admin\\lib\\index.js"} {"metadata":{"emulator":{"name":"functions"},"function":{"name":"us-central1-capturePaymentHttp"},"extension":{},"message":"[runtime-status] [14512] Resolved module firebase-admin {\"declared\":true,\"installed\":true,\"version\":\"13.6.0\",\"resolution\":\"M:\\\\naresh\\\\sprintothon\\\\functions\\\\node_modules\\\\firebase-admin\\\\lib\\\\index.js\"}"}}
[debug] [2026-01-25T15:30:37.243Z] [runtime-status] [14512] Resolved module firebase-functions {"declared":true,"installed":true,"version":"7.0.2","resolution":"M:\\naresh\\sprintothon\\functions\\node_modules\\firebase-functions\\lib\\v2\\index.js"} {"metadata":{"emulator":{"name":"functions"},"function":{"name":"us-central1-capturePaymentHttp"},"extension":{},"message":"[runtime-status] [14512] Resolved module firebase-functions {\"declared\":true,\"installed\":true,\"version\":\"7.0.2\",\"resolution\":\"M:\\\\naresh\\\\sprintothon\\\\functions\\\\node_modules\\\\firebase-functions\\\\lib\\\\v2\\\\index.js\"}"}}
[debug] [2026-01-25T15:30:37.520Z] [runtime-status] [14512] firebase-admin has been stubbed. {"adminResolution":{"declared":true,"installed":true,"version":"13.6.0","resolution":"M:\\naresh\\sprintothon\\functions\\node_modules\\firebase-admin\\lib\\index.js"}} {"metadata":{"emulator":{"name":"functions"},"function":{"name":"us-central1-capturePaymentHttp"},"extension":{},"message":"[runtime-status] [14512] firebase-admin has been stubbed. {\"adminResolution\":{\"declared\":true,\"installed\":true,\"version\":\"13.6.0\",\"resolution\":\"M:\\\\naresh\\\\sprintothon\\\\functions\\\\node_modules\\\\firebase-admin\\\\lib\\\\index.js\"}}"}}
[debug] [2026-01-25T15:30:38.156Z] [runtime-status] [14512] Functions runtime initialized. {"cwd":"M:\\naresh\\sprintothon\\functions","node_version":"20.19.6"} {"metadata":{"emulator":{"name":"functions"},"function":{"name":"us-central1-capturePaymentHttp"},"extension":{},"message":"[runtime-status] [14512] Functions runtime initialized. {\"cwd\":\"M:\\\\naresh\\\\sprintothon\\\\functions\",\"node_version\":\"20.19.6\"}"}}
[debug] [2026-01-25T15:30:38.158Z] [runtime-status] [14512] Listening to port: \\?\pipe\fire_emu_ef83dd0e1bca2a62 {"metadata":{"emulator":{"name":"functions"},"function":{"name":"us-central1-capturePaymentHttp"},"extension":{},"message":"[runtime-status] [14512] Listening to port: \\\\?\\pipe\\fire_emu_ef83dd0e1bca2a62"}}
[debug] [2026-01-25T15:30:38.169Z] [worker-us-central1-capturePaymentHttp-7e236d38-9893-407f-a899-0884a5135ec5]: IDLE {"metadata":{"emulator":{"name":"functions"},"function":{"name":"us-central1-capturePaymentHttp"},"extension":{},"message":"[worker-us-central1-capturePaymentHttp-7e236d38-9893-407f-a899-0884a5135ec5]: IDLE"}}
[debug] [2026-01-25T15:30:38.170Z] [worker-pool] submitRequest(triggerId=us-central1-capturePaymentHttp) {"metadata":{"emulator":{"name":"functions"},"message":"[worker-pool] submitRequest(triggerId=us-central1-capturePaymentHttp)"}}
[info] i  functions: Beginning execution of "us-central1-capturePaymentHttp" {"metadata":{"emulator":{"name":"functions"},"function":{"name":"us-central1-capturePaymentHttp"},"extension":{},"message":"Beginning execution of \"us-central1-capturePaymentHttp\""}}
[debug] [2026-01-25T15:30:38.174Z] [worker-us-central1-capturePaymentHttp-7e236d38-9893-407f-a899-0884a5135ec5]: BUSY {"metadata":{"emulator":{"name":"functions"},"function":{"name":"us-central1-capturePaymentHttp"},"extension":{},"message":"[worker-us-central1-capturePaymentHttp-7e236d38-9893-407f-a899-0884a5135ec5]: BUSY"}}
[debug] [2026-01-25T15:30:38.185Z] Finishing up request with event=pause {"metadata":{"emulator":{"name":"functions"},"function":{"name":"us-central1-capturePaymentHttp"},"extension":{},"message":"Finishing up request with event=pause"}}
[info] i  functions: Finished "us-central1-capturePaymentHttp" in 12.0778ms {"metadata":{"emulator":{"name":"functions"},"function":{"name":"us-central1-capturePaymentHttp"},"extension":{},"message":"Finished \"us-central1-capturePaymentHttp\" in 12.0778ms"}}
[debug] [2026-01-25T15:30:38.186Z] [worker-us-central1-capturePaymentHttp-7e236d38-9893-407f-a899-0884a5135ec5]: IDLE {"metadata":{"emulator":{"name":"functions"},"function":{"name":"us-central1-capturePaymentHttp"},"extension":{},"message":"[worker-us-central1-capturePaymentHttp-7e236d38-9893-407f-a899-0884a5135ec5]: IDLE"}}
[debug] [2026-01-25T15:30:38.186Z] Finishing up request with event=finish {"metadata":{"emulator":{"name":"functions"},"function":{"name":"us-central1-capturePaymentHttp"},"extension":{},"message":"Finishing up request with event=finish"}}
[debug] [2026-01-25T15:30:38.187Z] Finishing up request with event=close {"metadata":{"emulator":{"name":"functions"},"function":{"name":"us-central1-capturePaymentHttp"},"extension":{},"message":"Finishing up request with event=close"}}
[debug] [2026-01-25T15:30:38.187Z] [work-queue] {"queuedWork":[],"queueLength":0,"runningWork":[],"workRunningCount":0}
[debug] [2026-01-25T15:30:38.188Z] [work-queue] {"queuedWork":["/sprintothon-cd194/us-central1/capturePaymentHttp-2026-01-25T15:30:38.188Z"],"queueLength":1,"runningWork":[],"workRunningCount":0}
[debug] [2026-01-25T15:30:38.188Z] [work-queue] {"queuedWork":[],"queueLength":0,"runningWork":["/sprintothon-cd194/us-central1/capturePaymentHttp-2026-01-25T15:30:38.188Z"],"workRunningCount":1}
[debug] [2026-01-25T15:30:38.189Z] Accepted request POST /sprintothon-cd194/us-central1/capturePaymentHttp --> us-central1-capturePaymentHttp
[debug] [2026-01-25T15:30:38.189Z] [functions] Runtime ready! Sending request! {"metadata":{"emulator":{"name":"functions"},"message":"[functions] Runtime ready! Sending request!"}}
[debug] [2026-01-25T15:30:38.189Z] [functions] Got req.url=/sprintothon-cd194/us-central1/capturePaymentHttp, mapping to path=/ {"metadata":{"emulator":{"name":"functions"},"message":"[functions] Got req.url=/sprintothon-cd194/us-central1/capturePaymentHttp, mapping to path=/"}}
[debug] [2026-01-25T15:30:38.190Z] [worker-pool] submitRequest(triggerId=us-central1-capturePaymentHttp) {"metadata":{"emulator":{"name":"functions"},"message":"[worker-pool] submitRequest(triggerId=us-central1-capturePaymentHttp)"}}
[info] i  functions: Beginning execution of "us-central1-capturePaymentHttp" {"metadata":{"emulator":{"name":"functions"},"function":{"name":"us-central1-capturePaymentHttp"},"extension":{},"message":"Beginning execution of \"us-central1-capturePaymentHttp\""}}
[debug] [2026-01-25T15:30:38.190Z] [worker-us-central1-capturePaymentHttp-7e236d38-9893-407f-a899-0884a5135ec5]: BUSY {"metadata":{"emulator":{"name":"functions"},"function":{"name":"us-central1-capturePaymentHttp"},"extension":{},"message":"[worker-us-central1-capturePaymentHttp-7e236d38-9893-407f-a899-0884a5135ec5]: BUSY"}}
[info] >  {"verifications":{"app":"MISSING","auth":"MISSING"},"logging.googleapis.com/labels":{"firebase-log-type":"callable-request-verification"},"severity":"DEBUG","message":"Callable request verification passed"} {"user":{"verifications":{"app":"MISSING","auth":"MISSING"},"logging.googleapis.com/labels":{"firebase-log-type":"callable-request-verification"},"severity":"DEBUG","message":"Callable request verification passed"},"metadata":{"emulator":{"name":"functions"},"function":{"name":"us-central1-capturePaymentHttp"},"extension":{},"message":"\u001b[90m> \u001b[39m {\"verifications\":{\"app\":\"MISSING\",\"auth\":\"MISSING\"},\"logging.googleapis.com/labels\":{\"firebase-log-type\":\"callable-request-verification\"},\"severity\":\"DEBUG\",\"message\":\"Callable request verification passed\"}"}}
[info] >  pay_S8A4ZToTgWzZU2 84600 DEBUG capturePaymentHttp called with {"user":"pay_S8A4ZToTgWzZU2 84600 DEBUG capturePaymentHttp called with","metadata":{"emulator":{"name":"functions"},"function":{"name":"us-central1-capturePaymentHttp"},"extension":{},"message":"\u001b[90m> \u001b[39m pay_S8A4ZToTgWzZU2 84600 DEBUG capturePaymentHttp called with"}}
[info] >  Sending payment confirmation email to: { payment_id: 'pay_S8A4ZToTgWzZU2', amount: 84600 } {"user":"Sending payment confirmation email to: { payment_id: 'pay_S8A4ZToTgWzZU2', amount: 84600 }","metadata":{"emulator":{"name":"functions"},"function":{"name":"us-central1-capturePaymentHttp"},"extension":{},"message":"\u001b[90m> \u001b[39m Sending payment confirmation email to: { payment_id: 'pay_S8A4ZToTgWzZU2', amount: 84600 }"}}
[debug] [2026-01-25T15:30:40.422Z] Finishing up request with event=pause {"metadata":{"emulator":{"name":"functions"},"function":{"name":"us-central1-capturePaymentHttp"},"extension":{},"message":"Finishing up request with event=pause"}}
[info] i  functions: Finished "us-central1-capturePaymentHttp" in 2232.4695ms {"metadata":{"emulator":{"name":"functions"},"function":{"name":"us-central1-capturePaymentHttp"},"extension":{},"message":"Finished \"us-central1-capturePaymentHttp\" in 2232.4695ms"}}
[debug] [2026-01-25T15:30:40.423Z] [worker-us-central1-capturePaymentHttp-7e236d38-9893-407f-a899-0884a5135ec5]: IDLE {"metadata":{"emulator":{"name":"functions"},"function":{"name":"us-central1-capturePaymentHttp"},"extension":{},"message":"[worker-us-central1-capturePaymentHttp-7e236d38-9893-407f-a899-0884a5135ec5]: IDLE"}}
[debug] [2026-01-25T15:30:40.424Z] Finishing up request with event=finish {"metadata":{"emulator":{"name":"functions"},"function":{"name":"us-central1-capturePaymentHttp"},"extension":{},"message":"Finishing up request with event=finish"}}
[debug] [2026-01-25T15:30:40.424Z] Finishing up request with event=close {"metadata":{"emulator":{"name":"functions"},"function":{"name":"us-central1-capturePaymentHttp"},"extension":{},"message":"Finishing up request with event=close"}}
[debug] [2026-01-25T15:30:40.425Z] [work-queue] {"queuedWork":[],"queueLength":0,"runningWork":[],"workRunningCount":0}
[debug] [2026-01-25T15:31:08.094Z] File M:\naresh\sprintothon\functions\index.js changed, reloading triggers {"metadata":{"emulator":{"name":"functions"},"message":"File M:\\naresh\\sprintothon\\functions\\index.js changed, reloading triggers"}}
[debug] [2026-01-25T15:31:09.103Z] Validating nodejs source
[warn] !  functions: package.json indicates an outdated version of firebase-functions. Please upgrade using npm install --save firebase-functions@latest in your functions directory. 
[debug] [2026-01-25T15:31:11.452Z] > [functions] package.json contents: {
  "name": "functions",
  "description": "Cloud Functions for Firebase",
  "scripts": {
    "lint": "eslint .",
    "dev": "firebase emulators:start --inspect-functions --only functions",
    "serve": "firebase emulators:start --only functions",
    "shell": "firebase functions:shell",
    "start": "npm run shell",
    "deploy": "firebase deploy --only functions",
    "logs": "firebase functions:log"
  },
  "engines": {
    "node": "24"
  },
  "main": "index.js",
  "dependencies": {
    "cors": "^2.8.5",
    "firebase-admin": "^13.6.0",
    "firebase-functions": "^7.0.0",
    "nodemailer": "^6.10.1",
    "razorpay": "^2.9.6"
  },
  "devDependencies": {
    "@typescript-eslint/eslint-plugin": "^8.50.1",
    "@typescript-eslint/parser": "^8.50.1",
    "eslint": "^9.39.2",
    "eslint-config-google": "^0.14.0",
    "firebase-functions-test": "^3.4.1"
  },
  "private": true
}
[debug] [2026-01-25T15:31:11.452Z] Building nodejs source
[debug] [2026-01-25T15:31:11.453Z] Failed to find version of module node: reached end of search path M:\naresh\sprintothon\functions\node_modules
[warn] !  functions: Your requested "node" version "24" doesn't match your global version "20". Using node@20 from host. 
[debug] [2026-01-25T15:31:11.454Z] Could not find functions.yaml. Must use http discovery
[debug] [2026-01-25T15:31:11.464Z] Found firebase-functions binary at 'M:\naresh\sprintothon\functions\node_modules\.bin\firebase-functions'
[info] Serving at port 8725

[debug] [2026-01-25T15:31:13.347Z] Got response from /__/functions.yaml {"endpoints":{"api":{"availableMemoryMb":null,"timeoutSeconds":null,"minInstances":null,"maxInstances":null,"ingressSettings":null,"concurrency":null,"serviceAccountEmail":null,"vpc":null,"platform":"gcfv2","labels":{},"httpsTrigger":{},"entryPoint":"api"},"capturePaymentHttp":{"availableMemoryMb":null,"timeoutSeconds":null,"minInstances":null,"maxInstances":null,"ingressSettings":null,"concurrency":null,"serviceAccountEmail":null,"vpc":null,"platform":"gcfv2","labels":{},"callableTrigger":{},"entryPoint":"capturePaymentHttp"}},"specVersion":"v1alpha1","requiredAPIs":[],"extensions":{}}
[info] +  functions: Loaded functions definitions from source: api, capturePaymentHttp. {"metadata":{"emulator":{"name":"functions"},"message":"Loaded functions definitions from source: api, capturePaymentHttp."}}
[debug] [2026-01-25T15:31:17.423Z] [worker-pool] Shutting down IDLE worker (us-central1-capturePaymentHttp) {"metadata":{"emulator":{"name":"functions"},"message":"[worker-pool] Shutting down IDLE worker (us-central1-capturePaymentHttp)"}}
[debug] [2026-01-25T15:31:17.423Z] [worker-us-central1-capturePaymentHttp-7e236d38-9893-407f-a899-0884a5135ec5]: FINISHING {"metadata":{"emulator":{"name":"functions"},"function":{"name":"us-central1-capturePaymentHttp"},"extension":{},"message":"[worker-us-central1-capturePaymentHttp-7e236d38-9893-407f-a899-0884a5135ec5]: FINISHING"}}
[debug] [2026-01-25T15:31:17.443Z] [worker-us-central1-capturePaymentHttp-7e236d38-9893-407f-a899-0884a5135ec5]: exited {"metadata":{"emulator":{"name":"functions"},"function":{"name":"us-central1-capturePaymentHttp"},"extension":{},"message":"[worker-us-central1-capturePaymentHttp-7e236d38-9893-407f-a899-0884a5135ec5]: exited"}}
[debug] [2026-01-25T15:31:17.444Z] [worker-us-central1-capturePaymentHttp-7e236d38-9893-407f-a899-0884a5135ec5]: FINISHED {"metadata":{"emulator":{"name":"functions"},"function":{"name":"us-central1-capturePaymentHttp"},"extension":{},"message":"[worker-us-central1-capturePaymentHttp-7e236d38-9893-407f-a899-0884a5135ec5]: FINISHED"}}
[debug] [2026-01-25T15:33:40.379Z] [work-queue] {"queuedWork":["/sprintothon-cd194/us-central1/capturePaymentHttp-2026-01-25T15:33:40.379Z"],"queueLength":1,"runningWork":[],"workRunningCount":0}
[debug] [2026-01-25T15:33:40.380Z] [work-queue] {"queuedWork":[],"queueLength":0,"runningWork":["/sprintothon-cd194/us-central1/capturePaymentHttp-2026-01-25T15:33:40.379Z"],"workRunningCount":1}
[debug] [2026-01-25T15:33:40.380Z] Accepted request OPTIONS /sprintothon-cd194/us-central1/capturePaymentHttp --> us-central1-capturePaymentHttp
[debug] [2026-01-25T15:33:40.380Z] [functions] Runtime ready! Sending request! {"metadata":{"emulator":{"name":"functions"},"message":"[functions] Runtime ready! Sending request!"}}
[debug] [2026-01-25T15:33:40.381Z] [functions] Got req.url=/sprintothon-cd194/us-central1/capturePaymentHttp, mapping to path=/ {"metadata":{"emulator":{"name":"functions"},"message":"[functions] Got req.url=/sprintothon-cd194/us-central1/capturePaymentHttp, mapping to path=/"}}
[debug] [2026-01-25T15:33:40.381Z] [worker-pool] Cleaned up workers for us-central1-capturePaymentHttp: 1 --> 0 {"metadata":{"emulator":{"name":"functions"},"message":"[worker-pool] Cleaned up workers for us-central1-capturePaymentHttp: 1 --> 0"}}
[debug] [2026-01-25T15:33:40.395Z] [worker-pool] addWorker(us-central1-capturePaymentHttp) {"metadata":{"emulator":{"name":"functions"},"message":"[worker-pool] addWorker(us-central1-capturePaymentHttp)"}}
[debug] [2026-01-25T15:33:40.396Z] [worker-pool] Adding worker with key us-central1-capturePaymentHttp, total=1 {"metadata":{"emulator":{"name":"functions"},"message":"[worker-pool] Adding worker with key us-central1-capturePaymentHttp, total=1"}}
[debug] [2026-01-25T15:33:42.035Z] [runtime-status] [14608] Resolved module firebase-admin {"declared":true,"installed":true,"version":"13.6.0","resolution":"M:\\naresh\\sprintothon\\functions\\node_modules\\firebase-admin\\lib\\index.js"} {"metadata":{"emulator":{"name":"functions"},"function":{"name":"us-central1-capturePaymentHttp"},"extension":{},"message":"[runtime-status] [14608] Resolved module firebase-admin {\"declared\":true,\"installed\":true,\"version\":\"13.6.0\",\"resolution\":\"M:\\\\naresh\\\\sprintothon\\\\functions\\\\node_modules\\\\firebase-admin\\\\lib\\\\index.js\"}"}}
[debug] [2026-01-25T15:33:42.037Z] [runtime-status] [14608] Resolved module firebase-functions {"declared":true,"installed":true,"version":"7.0.2","resolution":"M:\\naresh\\sprintothon\\functions\\node_modules\\firebase-functions\\lib\\v2\\index.js"} {"metadata":{"emulator":{"name":"functions"},"function":{"name":"us-central1-capturePaymentHttp"},"extension":{},"message":"[runtime-status] [14608] Resolved module firebase-functions {\"declared\":true,\"installed\":true,\"version\":\"7.0.2\",\"resolution\":\"M:\\\\naresh\\\\sprintothon\\\\functions\\\\node_modules\\\\firebase-functions\\\\lib\\\\v2\\\\index.js\"}"}}
[debug] [2026-01-25T15:33:42.037Z] [runtime-status] [14608] Outgoing network have been stubbed. [{"name":"http","status":"mocked"},{"name":"http","status":"mocked"},{"name":"https","status":"mocked"},{"name":"https","status":"mocked"},{"name":"net","status":"mocked"}] {"metadata":{"emulator":{"name":"functions"},"function":{"name":"us-central1-capturePaymentHttp"},"extension":{},"message":"[runtime-status] [14608] Outgoing network have been stubbed. [{\"name\":\"http\",\"status\":\"mocked\"},{\"name\":\"http\",\"status\":\"mocked\"},{\"name\":\"https\",\"status\":\"mocked\"},{\"name\":\"https\",\"status\":\"mocked\"},{\"name\":\"net\",\"status\":\"mocked\"}]"}}
[debug] [2026-01-25T15:33:42.038Z] [runtime-status] [14608] Resolved module firebase-functions {"declared":true,"installed":true,"version":"7.0.2","resolution":"M:\\naresh\\sprintothon\\functions\\node_modules\\firebase-functions\\lib\\v2\\index.js"} {"metadata":{"emulator":{"name":"functions"},"function":{"name":"us-central1-capturePaymentHttp"},"extension":{},"message":"[runtime-status] [14608] Resolved module firebase-functions {\"declared\":true,\"installed\":true,\"version\":\"7.0.2\",\"resolution\":\"M:\\\\naresh\\\\sprintothon\\\\functions\\\\node_modules\\\\firebase-functions\\\\lib\\\\v2\\\\index.js\"}"}}
[debug] [2026-01-25T15:33:42.038Z] [runtime-status] [14608] Detected firebase-functions v7+, skipping legacy stubs. {"metadata":{"emulator":{"name":"functions"},"function":{"name":"us-central1-capturePaymentHttp"},"extension":{},"message":"[runtime-status] [14608] Detected firebase-functions v7+, skipping legacy stubs."}}
[debug] [2026-01-25T15:33:42.039Z] [runtime-status] [14608] Resolved module firebase-admin {"declared":true,"installed":true,"version":"13.6.0","resolution":"M:\\naresh\\sprintothon\\functions\\node_modules\\firebase-admin\\lib\\index.js"} {"metadata":{"emulator":{"name":"functions"},"function":{"name":"us-central1-capturePaymentHttp"},"extension":{},"message":"[runtime-status] [14608] Resolved module firebase-admin {\"declared\":true,\"installed\":true,\"version\":\"13.6.0\",\"resolution\":\"M:\\\\naresh\\\\sprintothon\\\\functions\\\\node_modules\\\\firebase-admin\\\\lib\\\\index.js\"}"}}
[debug] [2026-01-25T15:33:42.155Z] [runtime-status] [14608] Resolved module firebase-functions {"declared":true,"installed":true,"version":"7.0.2","resolution":"M:\\naresh\\sprintothon\\functions\\node_modules\\firebase-functions\\lib\\v2\\index.js"} {"metadata":{"emulator":{"name":"functions"},"function":{"name":"us-central1-capturePaymentHttp"},"extension":{},"message":"[runtime-status] [14608] Resolved module firebase-functions {\"declared\":true,\"installed\":true,\"version\":\"7.0.2\",\"resolution\":\"M:\\\\naresh\\\\sprintothon\\\\functions\\\\node_modules\\\\firebase-functions\\\\lib\\\\v2\\\\index.js\"}"}}
[debug] [2026-01-25T15:33:42.521Z] [runtime-status] [14608] firebase-admin has been stubbed. {"adminResolution":{"declared":true,"installed":true,"version":"13.6.0","resolution":"M:\\naresh\\sprintothon\\functions\\node_modules\\firebase-admin\\lib\\index.js"}} {"metadata":{"emulator":{"name":"functions"},"function":{"name":"us-central1-capturePaymentHttp"},"extension":{},"message":"[runtime-status] [14608] firebase-admin has been stubbed. {\"adminResolution\":{\"declared\":true,\"installed\":true,\"version\":\"13.6.0\",\"resolution\":\"M:\\\\naresh\\\\sprintothon\\\\functions\\\\node_modules\\\\firebase-admin\\\\lib\\\\index.js\"}}"}}
[debug] [2026-01-25T15:33:43.127Z] [runtime-status] [14608] Functions runtime initialized. {"cwd":"M:\\naresh\\sprintothon\\functions","node_version":"20.19.6"} {"metadata":{"emulator":{"name":"functions"},"function":{"name":"us-central1-capturePaymentHttp"},"extension":{},"message":"[runtime-status] [14608] Functions runtime initialized. {\"cwd\":\"M:\\\\naresh\\\\sprintothon\\\\functions\",\"node_version\":\"20.19.6\"}"}}
[debug] [2026-01-25T15:33:43.128Z] [runtime-status] [14608] Listening to port: \\?\pipe\fire_emu_00973955cdf3fbf0 {"metadata":{"emulator":{"name":"functions"},"function":{"name":"us-central1-capturePaymentHttp"},"extension":{},"message":"[runtime-status] [14608] Listening to port: \\\\?\\pipe\\fire_emu_00973955cdf3fbf0"}}
[debug] [2026-01-25T15:33:43.159Z] [worker-us-central1-capturePaymentHttp-68331ec8-c825-42fb-a47c-2814927f336a]: IDLE {"metadata":{"emulator":{"name":"functions"},"function":{"name":"us-central1-capturePaymentHttp"},"extension":{},"message":"[worker-us-central1-capturePaymentHttp-68331ec8-c825-42fb-a47c-2814927f336a]: IDLE"}}
[debug] [2026-01-25T15:33:43.159Z] [worker-pool] submitRequest(triggerId=us-central1-capturePaymentHttp) {"metadata":{"emulator":{"name":"functions"},"message":"[worker-pool] submitRequest(triggerId=us-central1-capturePaymentHttp)"}}
[info] i  functions: Beginning execution of "us-central1-capturePaymentHttp" {"metadata":{"emulator":{"name":"functions"},"function":{"name":"us-central1-capturePaymentHttp"},"extension":{},"message":"Beginning execution of \"us-central1-capturePaymentHttp\""}}
[debug] [2026-01-25T15:33:43.159Z] [worker-us-central1-capturePaymentHttp-68331ec8-c825-42fb-a47c-2814927f336a]: BUSY {"metadata":{"emulator":{"name":"functions"},"function":{"name":"us-central1-capturePaymentHttp"},"extension":{},"message":"[worker-us-central1-capturePaymentHttp-68331ec8-c825-42fb-a47c-2814927f336a]: BUSY"}}
[debug] [2026-01-25T15:33:43.164Z] Finishing up request with event=pause {"metadata":{"emulator":{"name":"functions"},"function":{"name":"us-central1-capturePaymentHttp"},"extension":{},"message":"Finishing up request with event=pause"}}
[info] i  functions: Finished "us-central1-capturePaymentHttp" in 4.5603ms {"metadata":{"emulator":{"name":"functions"},"function":{"name":"us-central1-capturePaymentHttp"},"extension":{},"message":"Finished \"us-central1-capturePaymentHttp\" in 4.5603ms"}}
[debug] [2026-01-25T15:33:43.164Z] [worker-us-central1-capturePaymentHttp-68331ec8-c825-42fb-a47c-2814927f336a]: IDLE {"metadata":{"emulator":{"name":"functions"},"function":{"name":"us-central1-capturePaymentHttp"},"extension":{},"message":"[worker-us-central1-capturePaymentHttp-68331ec8-c825-42fb-a47c-2814927f336a]: IDLE"}}
[debug] [2026-01-25T15:33:43.165Z] Finishing up request with event=finish {"metadata":{"emulator":{"name":"functions"},"function":{"name":"us-central1-capturePaymentHttp"},"extension":{},"message":"Finishing up request with event=finish"}}
[debug] [2026-01-25T15:33:43.165Z] Finishing up request with event=close {"metadata":{"emulator":{"name":"functions"},"function":{"name":"us-central1-capturePaymentHttp"},"extension":{},"message":"Finishing up request with event=close"}}
[debug] [2026-01-25T15:33:43.165Z] [work-queue] {"queuedWork":[],"queueLength":0,"runningWork":[],"workRunningCount":0}
[debug] [2026-01-25T15:33:43.168Z] [work-queue] {"queuedWork":["/sprintothon-cd194/us-central1/capturePaymentHttp-2026-01-25T15:33:43.168Z"],"queueLength":1,"runningWork":[],"workRunningCount":0}
[debug] [2026-01-25T15:33:43.168Z] [work-queue] {"queuedWork":[],"queueLength":0,"runningWork":["/sprintothon-cd194/us-central1/capturePaymentHttp-2026-01-25T15:33:43.168Z"],"workRunningCount":1}
[debug] [2026-01-25T15:33:43.168Z] Accepted request POST /sprintothon-cd194/us-central1/capturePaymentHttp --> us-central1-capturePaymentHttp
[debug] [2026-01-25T15:33:43.168Z] [functions] Runtime ready! Sending request! {"metadata":{"emulator":{"name":"functions"},"message":"[functions] Runtime ready! Sending request!"}}
[debug] [2026-01-25T15:33:43.169Z] [functions] Got req.url=/sprintothon-cd194/us-central1/capturePaymentHttp, mapping to path=/ {"metadata":{"emulator":{"name":"functions"},"message":"[functions] Got req.url=/sprintothon-cd194/us-central1/capturePaymentHttp, mapping to path=/"}}
[debug] [2026-01-25T15:33:43.169Z] [worker-pool] submitRequest(triggerId=us-central1-capturePaymentHttp) {"metadata":{"emulator":{"name":"functions"},"message":"[worker-pool] submitRequest(triggerId=us-central1-capturePaymentHttp)"}}
[info] i  functions: Beginning execution of "us-central1-capturePaymentHttp" {"metadata":{"emulator":{"name":"functions"},"function":{"name":"us-central1-capturePaymentHttp"},"extension":{},"message":"Beginning execution of \"us-central1-capturePaymentHttp\""}}
[debug] [2026-01-25T15:33:43.169Z] [worker-us-central1-capturePaymentHttp-68331ec8-c825-42fb-a47c-2814927f336a]: BUSY {"metadata":{"emulator":{"name":"functions"},"function":{"name":"us-central1-capturePaymentHttp"},"extension":{},"message":"[worker-us-central1-capturePaymentHttp-68331ec8-c825-42fb-a47c-2814927f336a]: BUSY"}}
[info] >  {"verifications":{"app":"MISSING","auth":"MISSING"},"logging.googleapis.com/labels":{"firebase-log-type":"callable-request-verification"},"severity":"DEBUG","message":"Callable request verification passed"} {"user":{"verifications":{"app":"MISSING","auth":"MISSING"},"logging.googleapis.com/labels":{"firebase-log-type":"callable-request-verification"},"severity":"DEBUG","message":"Callable request verification passed"},"metadata":{"emulator":{"name":"functions"},"function":{"name":"us-central1-capturePaymentHttp"},"extension":{},"message":"\u001b[90m> \u001b[39m {\"verifications\":{\"app\":\"MISSING\",\"auth\":\"MISSING\"},\"logging.googleapis.com/labels\":{\"firebase-log-type\":\"callable-request-verification\"},\"severity\":\"DEBUG\",\"message\":\"Callable request verification passed\"}"}}
[info] >  pay_S8A7qXhWqSbvsd 84600 DEBUG capturePaymentHttp called with {"user":"pay_S8A7qXhWqSbvsd 84600 DEBUG capturePaymentHttp called with","metadata":{"emulator":{"name":"functions"},"function":{"name":"us-central1-capturePaymentHttp"},"extension":{},"message":"\u001b[90m> \u001b[39m pay_S8A7qXhWqSbvsd 84600 DEBUG capturePaymentHttp called with"}}
[info] >  Sending payment confirmation email to: { payment_id: 'pay_S8A7qXhWqSbvsd', amount: 84600 } {"user":"Sending payment confirmation email to: { payment_id: 'pay_S8A7qXhWqSbvsd', amount: 84600 }","metadata":{"emulator":{"name":"functions"},"function":{"name":"us-central1-capturePaymentHttp"},"extension":{},"message":"\u001b[90m> \u001b[39m Sending payment confirmation email to: { payment_id: 'pay_S8A7qXhWqSbvsd', amount: 84600 }"}}
[debug] [2026-01-25T15:33:44.791Z] Finishing up request with event=pause {"metadata":{"emulator":{"name":"functions"},"function":{"name":"us-central1-capturePaymentHttp"},"extension":{},"message":"Finishing up request with event=pause"}}
[info] i  functions: Finished "us-central1-capturePaymentHttp" in 1622.3234ms {"metadata":{"emulator":{"name":"functions"},"function":{"name":"us-central1-capturePaymentHttp"},"extension":{},"message":"Finished \"us-central1-capturePaymentHttp\" in 1622.3234ms"}}
[debug] [2026-01-25T15:33:44.792Z] [worker-us-central1-capturePaymentHttp-68331ec8-c825-42fb-a47c-2814927f336a]: IDLE {"metadata":{"emulator":{"name":"functions"},"function":{"name":"us-central1-capturePaymentHttp"},"extension":{},"message":"[worker-us-central1-capturePaymentHttp-68331ec8-c825-42fb-a47c-2814927f336a]: IDLE"}}
[debug] [2026-01-25T15:33:44.792Z] Finishing up request with event=finish {"metadata":{"emulator":{"name":"functions"},"function":{"name":"us-central1-capturePaymentHttp"},"extension":{},"message":"Finishing up request with event=finish"}}
[debug] [2026-01-25T15:33:44.793Z] Finishing up request with event=close {"metadata":{"emulator":{"name":"functions"},"function":{"name":"us-central1-capturePaymentHttp"},"extension":{},"message":"Finishing up request with event=close"}}
[debug] [2026-01-25T15:33:44.793Z] [work-queue] {"queuedWork":[],"queueLength":0,"runningWork":[],"workRunningCount":0}
[debug] [2026-01-25T15:46:49.612Z] File M:\naresh\sprintothon\functions\index.js changed, reloading triggers {"metadata":{"emulator":{"name":"functions"},"message":"File M:\\naresh\\sprintothon\\functions\\index.js changed, reloading triggers"}}
[debug] [2026-01-25T15:46:50.657Z] Validating nodejs source
[warn] !  functions: package.json indicates an outdated version of firebase-functions. Please upgrade using npm install --save firebase-functions@latest in your functions directory. 
[debug] [2026-01-25T15:46:53.221Z] > [functions] package.json contents: {
  "name": "functions",
  "description": "Cloud Functions for Firebase",
  "scripts": {
    "lint": "eslint .",
    "dev": "firebase emulators:start --inspect-functions --only functions",
    "serve": "firebase emulators:start --only functions",
    "shell": "firebase functions:shell",
    "start": "npm run shell",
    "deploy": "firebase deploy --only functions",
    "logs": "firebase functions:log"
  },
  "engines": {
    "node": "24"
  },
  "main": "index.js",
  "dependencies": {
    "cors": "^2.8.5",
    "firebase-admin": "^13.6.0",
    "firebase-functions": "^7.0.0",
    "nodemailer": "^6.10.1",
    "razorpay": "^2.9.6"
  },
  "devDependencies": {
    "@typescript-eslint/eslint-plugin": "^8.50.1",
    "@typescript-eslint/parser": "^8.50.1",
    "eslint": "^9.39.2",
    "eslint-config-google": "^0.14.0",
    "firebase-functions-test": "^3.4.1"
  },
  "private": true
}
[debug] [2026-01-25T15:46:53.222Z] Building nodejs source
[debug] [2026-01-25T15:46:53.222Z] Failed to find version of module node: reached end of search path M:\naresh\sprintothon\functions\node_modules
[warn] !  functions: Your requested "node" version "24" doesn't match your global version "20". Using node@20 from host. 
[debug] [2026-01-25T15:46:53.230Z] Could not find functions.yaml. Must use http discovery
[debug] [2026-01-25T15:46:53.256Z] Found firebase-functions binary at 'M:\naresh\sprintothon\functions\node_modules\.bin\firebase-functions'
[info] Serving at port 8770

[debug] [2026-01-25T15:46:56.740Z] Got response from /__/functions.yaml {"endpoints":{"api":{"availableMemoryMb":null,"timeoutSeconds":null,"minInstances":null,"maxInstances":null,"ingressSettings":null,"concurrency":null,"serviceAccountEmail":null,"vpc":null,"platform":"gcfv2","labels":{},"httpsTrigger":{},"entryPoint":"api"},"capturePaymentHttp":{"availableMemoryMb":null,"timeoutSeconds":null,"minInstances":null,"maxInstances":null,"ingressSettings":null,"concurrency":null,"serviceAccountEmail":null,"vpc":null,"platform":"gcfv2","labels":{},"callableTrigger":{},"entryPoint":"capturePaymentHttp"}},"specVersion":"v1alpha1","requiredAPIs":[],"extensions":{}}
[info] +  functions: Loaded functions definitions from source: api, capturePaymentHttp. {"metadata":{"emulator":{"name":"functions"},"message":"Loaded functions definitions from source: api, capturePaymentHttp."}}
[debug] [2026-01-25T15:47:00.824Z] [worker-pool] Shutting down IDLE worker (us-central1-capturePaymentHttp) {"metadata":{"emulator":{"name":"functions"},"message":"[worker-pool] Shutting down IDLE worker (us-central1-capturePaymentHttp)"}}
[debug] [2026-01-25T15:47:00.824Z] [worker-us-central1-capturePaymentHttp-68331ec8-c825-42fb-a47c-2814927f336a]: FINISHING {"metadata":{"emulator":{"name":"functions"},"function":{"name":"us-central1-capturePaymentHttp"},"extension":{},"message":"[worker-us-central1-capturePaymentHttp-68331ec8-c825-42fb-a47c-2814927f336a]: FINISHING"}}
[debug] [2026-01-25T15:47:00.833Z] [worker-us-central1-capturePaymentHttp-68331ec8-c825-42fb-a47c-2814927f336a]: exited {"metadata":{"emulator":{"name":"functions"},"function":{"name":"us-central1-capturePaymentHttp"},"extension":{},"message":"[worker-us-central1-capturePaymentHttp-68331ec8-c825-42fb-a47c-2814927f336a]: exited"}}
[debug] [2026-01-25T15:47:00.834Z] [worker-us-central1-capturePaymentHttp-68331ec8-c825-42fb-a47c-2814927f336a]: FINISHED {"metadata":{"emulator":{"name":"functions"},"function":{"name":"us-central1-capturePaymentHttp"},"extension":{},"message":"[worker-us-central1-capturePaymentHttp-68331ec8-c825-42fb-a47c-2814927f336a]: FINISHED"}}
[debug] [2026-01-25T15:48:05.111Z] File M:\naresh\sprintothon\functions\index.js changed, reloading triggers {"metadata":{"emulator":{"name":"functions"},"message":"File M:\\naresh\\sprintothon\\functions\\index.js changed, reloading triggers"}}
[debug] [2026-01-25T15:48:06.121Z] Validating nodejs source
[warn] !  functions: package.json indicates an outdated version of firebase-functions. Please upgrade using npm install --save firebase-functions@latest in your functions directory. 
[debug] [2026-01-25T15:48:07.168Z] > [functions] package.json contents: {
  "name": "functions",
  "description": "Cloud Functions for Firebase",
  "scripts": {
    "lint": "eslint .",
    "dev": "firebase emulators:start --inspect-functions --only functions",
    "serve": "firebase emulators:start --only functions",
    "shell": "firebase functions:shell",
    "start": "npm run shell",
    "deploy": "firebase deploy --only functions",
    "logs": "firebase functions:log"
  },
  "engines": {
    "node": "24"
  },
  "main": "index.js",
  "dependencies": {
    "cors": "^2.8.5",
    "firebase-admin": "^13.6.0",
    "firebase-functions": "^7.0.0",
    "nodemailer": "^6.10.1",
    "razorpay": "^2.9.6"
  },
  "devDependencies": {
    "@typescript-eslint/eslint-plugin": "^8.50.1",
    "@typescript-eslint/parser": "^8.50.1",
    "eslint": "^9.39.2",
    "eslint-config-google": "^0.14.0",
    "firebase-functions-test": "^3.4.1"
  },
  "private": true
}
[debug] [2026-01-25T15:48:07.170Z] Building nodejs source
[debug] [2026-01-25T15:48:07.170Z] Failed to find version of module node: reached end of search path M:\naresh\sprintothon\functions\node_modules
[warn] !  functions: Your requested "node" version "24" doesn't match your global version "20". Using node@20 from host. 
[debug] [2026-01-25T15:48:07.172Z] Could not find functions.yaml. Must use http discovery
[debug] [2026-01-25T15:48:07.184Z] Found firebase-functions binary at 'M:\naresh\sprintothon\functions\node_modules\.bin\firebase-functions'
[info] Serving at port 8077

[error] ReferenceError: request is not defined
    at file:///M:/naresh/sprintothon/functions/index.js:55:55
    at ModuleJobSync.runSync (node:internal/modules/esm/module_job:437:37)
    at ModuleLoader.importSyncForRequire (node:internal/modules/esm/loader:389:47)
    at loadESMFromCJS (node:internal/modules/cjs/loader:1363:24)
    at Module._compile (node:internal/modules/cjs/loader:1503:5)
    at Module._extensions..js (node:internal/modules/cjs/loader:1623:10)
    at Module.load (node:internal/modules/cjs/loader:1266:32)
    at Module._load (node:internal/modules/cjs/loader:1091:12)
    at Module.require (node:internal/modules/cjs/loader:1289:19)
    at require (node:internal/modules/helpers:182:18)

[debug] [2026-01-25T15:48:08.109Z] Got response code 400; body Failed to generate manifest from function source: request is not defined
[error] !!  functions: Failed to load function definition from source: FirebaseError: Functions codebase could not be analyzed successfully. It may have a syntax or runtime error {"metadata":{"emulator":{"name":"functions"},"message":"Failed to load function definition from source: FirebaseError: Functions codebase could not be analyzed successfully. It may have a syntax or runtime error"}}
[debug] [2026-01-25T15:48:34.573Z] File M:\naresh\sprintothon\functions\index.js changed, reloading triggers {"metadata":{"emulator":{"name":"functions"},"message":"File M:\\naresh\\sprintothon\\functions\\index.js changed, reloading triggers"}}
[debug] [2026-01-25T15:48:35.580Z] Validating nodejs source
[warn] !  functions: package.json indicates an outdated version of firebase-functions. Please upgrade using npm install --save firebase-functions@latest in your functions directory. 
[debug] [2026-01-25T15:48:36.563Z] > [functions] package.json contents: {
  "name": "functions",
  "description": "Cloud Functions for Firebase",
  "scripts": {
    "lint": "eslint .",
    "dev": "firebase emulators:start --inspect-functions --only functions",
    "serve": "firebase emulators:start --only functions",
    "shell": "firebase functions:shell",
    "start": "npm run shell",
    "deploy": "firebase deploy --only functions",
    "logs": "firebase functions:log"
  },
  "engines": {
    "node": "24"
  },
  "main": "index.js",
  "dependencies": {
    "cors": "^2.8.5",
    "firebase-admin": "^13.6.0",
    "firebase-functions": "^7.0.0",
    "nodemailer": "^6.10.1",
    "razorpay": "^2.9.6"
  },
  "devDependencies": {
    "@typescript-eslint/eslint-plugin": "^8.50.1",
    "@typescript-eslint/parser": "^8.50.1",
    "eslint": "^9.39.2",
    "eslint-config-google": "^0.14.0",
    "firebase-functions-test": "^3.4.1"
  },
  "private": true
}
[debug] [2026-01-25T15:48:36.564Z] Building nodejs source
[debug] [2026-01-25T15:48:36.564Z] Failed to find version of module node: reached end of search path M:\naresh\sprintothon\functions\node_modules
[warn] !  functions: Your requested "node" version "24" doesn't match your global version "20". Using node@20 from host. 
[debug] [2026-01-25T15:48:36.566Z] Could not find functions.yaml. Must use http discovery
[debug] [2026-01-25T15:48:36.572Z] Found firebase-functions binary at 'M:\naresh\sprintothon\functions\node_modules\.bin\firebase-functions'
[info] Serving at port 8330

[error] ReferenceError: request is not defined
    at file:///M:/naresh/sprintothon/functions/index.js:54:55
    at ModuleJobSync.runSync (node:internal/modules/esm/module_job:437:37)
    at ModuleLoader.importSyncForRequire (node:internal/modules/esm/loader:389:47)
    at loadESMFromCJS (node:internal/modules/cjs/loader:1363:24)
    at Module._compile (node:internal/modules/cjs/loader:1503:5)
    at Module._extensions..js (node:internal/modules/cjs/loader:1623:10)
    at Module.load (node:internal/modules/cjs/loader:1266:32)
    at Module._load (node:internal/modules/cjs/loader:1091:12)
    at Module.require (node:internal/modules/cjs/loader:1289:19)
    at require (node:internal/modules/helpers:182:18)

[debug] [2026-01-25T15:48:37.469Z] Got response code 400; body Failed to generate manifest from function source: request is not defined
[error] !!  functions: Failed to load function definition from source: FirebaseError: Functions codebase could not be analyzed successfully. It may have a syntax or runtime error {"metadata":{"emulator":{"name":"functions"},"message":"Failed to load function definition from source: FirebaseError: Functions codebase could not be analyzed successfully. It may have a syntax or runtime error"}}
[debug] [2026-01-25T15:48:43.676Z] File M:\naresh\sprintothon\functions\index.js changed, reloading triggers {"metadata":{"emulator":{"name":"functions"},"message":"File M:\\naresh\\sprintothon\\functions\\index.js changed, reloading triggers"}}
[debug] [2026-01-25T15:48:44.678Z] Validating nodejs source
[warn] !  functions: package.json indicates an outdated version of firebase-functions. Please upgrade using npm install --save firebase-functions@latest in your functions directory. 
[debug] [2026-01-25T15:48:46.053Z] > [functions] package.json contents: {
  "name": "functions",
  "description": "Cloud Functions for Firebase",
  "scripts": {
    "lint": "eslint .",
    "dev": "firebase emulators:start --inspect-functions --only functions",
    "serve": "firebase emulators:start --only functions",
    "shell": "firebase functions:shell",
    "start": "npm run shell",
    "deploy": "firebase deploy --only functions",
    "logs": "firebase functions:log"
  },
  "engines": {
    "node": "24"
  },
  "main": "index.js",
  "dependencies": {
    "cors": "^2.8.5",
    "firebase-admin": "^13.6.0",
    "firebase-functions": "^7.0.0",
    "nodemailer": "^6.10.1",
    "razorpay": "^2.9.6"
  },
  "devDependencies": {
    "@typescript-eslint/eslint-plugin": "^8.50.1",
    "@typescript-eslint/parser": "^8.50.1",
    "eslint": "^9.39.2",
    "eslint-config-google": "^0.14.0",
    "firebase-functions-test": "^3.4.1"
  },
  "private": true
}
[debug] [2026-01-25T15:48:46.053Z] Building nodejs source
[debug] [2026-01-25T15:48:46.054Z] Failed to find version of module node: reached end of search path M:\naresh\sprintothon\functions\node_modules
[warn] !  functions: Your requested "node" version "24" doesn't match your global version "20". Using node@20 from host. 
[debug] [2026-01-25T15:48:46.055Z] Could not find functions.yaml. Must use http discovery
[debug] [2026-01-25T15:48:46.074Z] Found firebase-functions binary at 'M:\naresh\sprintothon\functions\node_modules\.bin\firebase-functions'
[info] Serving at port 8218

[info] Sending payment confirmation email to:

[debug] [2026-01-25T15:48:47.346Z] Got response from /__/functions.yaml {"endpoints":{"api":{"availableMemoryMb":null,"timeoutSeconds":null,"minInstances":null,"maxInstances":null,"ingressSettings":null,"concurrency":null,"serviceAccountEmail":null,"vpc":null,"platform":"gcfv2","labels":{},"httpsTrigger":{},"entryPoint":"api"},"capturePaymentHttp":{"availableMemoryMb":null,"timeoutSeconds":null,"minInstances":null,"maxInstances":null,"ingressSettings":null,"concurrency":null,"serviceAccountEmail":null,"vpc":null,"platform":"gcfv2","labels":{},"callableTrigger":{},"entryPoint":"capturePaymentHttp"}},"specVersion":"v1alpha1","requiredAPIs":[],"extensions":{}}
[info] +  functions: Loaded functions definitions from source: api, capturePaymentHttp. {"metadata":{"emulator":{"name":"functions"},"message":"Loaded functions definitions from source: api, capturePaymentHttp."}}
[debug] [2026-01-25T15:49:46.855Z] [work-queue] {"queuedWork":["/sprintothon-cd194/us-central1/capturePaymentHttp-2026-01-25T15:49:46.855Z"],"queueLength":1,"runningWork":[],"workRunningCount":0}
[debug] [2026-01-25T15:49:46.856Z] [work-queue] {"queuedWork":[],"queueLength":0,"runningWork":["/sprintothon-cd194/us-central1/capturePaymentHttp-2026-01-25T15:49:46.855Z"],"workRunningCount":1}
[debug] [2026-01-25T15:49:46.856Z] Accepted request OPTIONS /sprintothon-cd194/us-central1/capturePaymentHttp --> us-central1-capturePaymentHttp
[debug] [2026-01-25T15:49:46.858Z] [functions] Runtime ready! Sending request! {"metadata":{"emulator":{"name":"functions"},"message":"[functions] Runtime ready! Sending request!"}}
[debug] [2026-01-25T15:49:46.859Z] [functions] Got req.url=/sprintothon-cd194/us-central1/capturePaymentHttp, mapping to path=/ {"metadata":{"emulator":{"name":"functions"},"message":"[functions] Got req.url=/sprintothon-cd194/us-central1/capturePaymentHttp, mapping to path=/"}}
[debug] [2026-01-25T15:49:46.859Z] [worker-pool] Cleaned up workers for us-central1-capturePaymentHttp: 1 --> 0 {"metadata":{"emulator":{"name":"functions"},"message":"[worker-pool] Cleaned up workers for us-central1-capturePaymentHttp: 1 --> 0"}}
[debug] [2026-01-25T15:49:46.877Z] [worker-pool] addWorker(us-central1-capturePaymentHttp) {"metadata":{"emulator":{"name":"functions"},"message":"[worker-pool] addWorker(us-central1-capturePaymentHttp)"}}
[debug] [2026-01-25T15:49:46.877Z] [worker-pool] Adding worker with key us-central1-capturePaymentHttp, total=1 {"metadata":{"emulator":{"name":"functions"},"message":"[worker-pool] Adding worker with key us-central1-capturePaymentHttp, total=1"}}
[debug] [2026-01-25T15:49:48.833Z] [runtime-status] [18160] Resolved module firebase-admin {"declared":true,"installed":true,"version":"13.6.0","resolution":"M:\\naresh\\sprintothon\\functions\\node_modules\\firebase-admin\\lib\\index.js"} {"metadata":{"emulator":{"name":"functions"},"function":{"name":"us-central1-capturePaymentHttp"},"extension":{},"message":"[runtime-status] [18160] Resolved module firebase-admin {\"declared\":true,\"installed\":true,\"version\":\"13.6.0\",\"resolution\":\"M:\\\\naresh\\\\sprintothon\\\\functions\\\\node_modules\\\\firebase-admin\\\\lib\\\\index.js\"}"}}
[debug] [2026-01-25T15:49:48.835Z] [runtime-status] [18160] Resolved module firebase-functions {"declared":true,"installed":true,"version":"7.0.2","resolution":"M:\\naresh\\sprintothon\\functions\\node_modules\\firebase-functions\\lib\\v2\\index.js"} {"metadata":{"emulator":{"name":"functions"},"function":{"name":"us-central1-capturePaymentHttp"},"extension":{},"message":"[runtime-status] [18160] Resolved module firebase-functions {\"declared\":true,\"installed\":true,\"version\":\"7.0.2\",\"resolution\":\"M:\\\\naresh\\\\sprintothon\\\\functions\\\\node_modules\\\\firebase-functions\\\\lib\\\\v2\\\\index.js\"}"}}
[debug] [2026-01-25T15:49:48.835Z] [runtime-status] [18160] Outgoing network have been stubbed. [{"name":"http","status":"mocked"},{"name":"http","status":"mocked"},{"name":"https","status":"mocked"},{"name":"https","status":"mocked"},{"name":"net","status":"mocked"}] {"metadata":{"emulator":{"name":"functions"},"function":{"name":"us-central1-capturePaymentHttp"},"extension":{},"message":"[runtime-status] [18160] Outgoing network have been stubbed. [{\"name\":\"http\",\"status\":\"mocked\"},{\"name\":\"http\",\"status\":\"mocked\"},{\"name\":\"https\",\"status\":\"mocked\"},{\"name\":\"https\",\"status\":\"mocked\"},{\"name\":\"net\",\"status\":\"mocked\"}]"}}
[debug] [2026-01-25T15:49:48.836Z] [runtime-status] [18160] Resolved module firebase-functions {"declared":true,"installed":true,"version":"7.0.2","resolution":"M:\\naresh\\sprintothon\\functions\\node_modules\\firebase-functions\\lib\\v2\\index.js"} {"metadata":{"emulator":{"name":"functions"},"function":{"name":"us-central1-capturePaymentHttp"},"extension":{},"message":"[runtime-status] [18160] Resolved module firebase-functions {\"declared\":true,\"installed\":true,\"version\":\"7.0.2\",\"resolution\":\"M:\\\\naresh\\\\sprintothon\\\\functions\\\\node_modules\\\\firebase-functions\\\\lib\\\\v2\\\\index.js\"}"}}
[debug] [2026-01-25T15:49:48.836Z] [runtime-status] [18160] Detected firebase-functions v7+, skipping legacy stubs. {"metadata":{"emulator":{"name":"functions"},"function":{"name":"us-central1-capturePaymentHttp"},"extension":{},"message":"[runtime-status] [18160] Detected firebase-functions v7+, skipping legacy stubs."}}
[debug] [2026-01-25T15:49:48.836Z] [runtime-status] [18160] Resolved module firebase-admin {"declared":true,"installed":true,"version":"13.6.0","resolution":"M:\\naresh\\sprintothon\\functions\\node_modules\\firebase-admin\\lib\\index.js"} {"metadata":{"emulator":{"name":"functions"},"function":{"name":"us-central1-capturePaymentHttp"},"extension":{},"message":"[runtime-status] [18160] Resolved module firebase-admin {\"declared\":true,\"installed\":true,\"version\":\"13.6.0\",\"resolution\":\"M:\\\\naresh\\\\sprintothon\\\\functions\\\\node_modules\\\\firebase-admin\\\\lib\\\\index.js\"}"}}
[debug] [2026-01-25T15:49:48.948Z] [runtime-status] [18160] Resolved module firebase-functions {"declared":true,"installed":true,"version":"7.0.2","resolution":"M:\\naresh\\sprintothon\\functions\\node_modules\\firebase-functions\\lib\\v2\\index.js"} {"metadata":{"emulator":{"name":"functions"},"function":{"name":"us-central1-capturePaymentHttp"},"extension":{},"message":"[runtime-status] [18160] Resolved module firebase-functions {\"declared\":true,\"installed\":true,\"version\":\"7.0.2\",\"resolution\":\"M:\\\\naresh\\\\sprintothon\\\\functions\\\\node_modules\\\\firebase-functions\\\\lib\\\\v2\\\\index.js\"}"}}
[debug] [2026-01-25T15:49:49.319Z] [runtime-status] [18160] firebase-admin has been stubbed. {"adminResolution":{"declared":true,"installed":true,"version":"13.6.0","resolution":"M:\\naresh\\sprintothon\\functions\\node_modules\\firebase-admin\\lib\\index.js"}} {"metadata":{"emulator":{"name":"functions"},"function":{"name":"us-central1-capturePaymentHttp"},"extension":{},"message":"[runtime-status] [18160] firebase-admin has been stubbed. {\"adminResolution\":{\"declared\":true,\"installed\":true,\"version\":\"13.6.0\",\"resolution\":\"M:\\\\naresh\\\\sprintothon\\\\functions\\\\node_modules\\\\firebase-admin\\\\lib\\\\index.js\"}}"}}
[info] >  Sending payment confirmation email to: {"user":"Sending payment confirmation email to:","metadata":{"emulator":{"name":"functions"},"function":{"name":"us-central1-capturePaymentHttp"},"extension":{},"message":"\u001b[90m> \u001b[39m Sending payment confirmation email to:"}}
[debug] [2026-01-25T15:49:49.873Z] [runtime-status] [18160] Functions runtime initialized. {"cwd":"M:\\naresh\\sprintothon\\functions","node_version":"20.19.6"} {"metadata":{"emulator":{"name":"functions"},"function":{"name":"us-central1-capturePaymentHttp"},"extension":{},"message":"[runtime-status] [18160] Functions runtime initialized. {\"cwd\":\"M:\\\\naresh\\\\sprintothon\\\\functions\",\"node_version\":\"20.19.6\"}"}}
[debug] [2026-01-25T15:49:49.874Z] [runtime-status] [18160] Listening to port: \\?\pipe\fire_emu_28a5d96e7f8a0fd1 {"metadata":{"emulator":{"name":"functions"},"function":{"name":"us-central1-capturePaymentHttp"},"extension":{},"message":"[runtime-status] [18160] Listening to port: \\\\?\\pipe\\fire_emu_28a5d96e7f8a0fd1"}}
[debug] [2026-01-25T15:49:49.916Z] [worker-us-central1-capturePaymentHttp-fb9bb777-143d-49b6-ae10-2e841f8d4e9a]: IDLE {"metadata":{"emulator":{"name":"functions"},"function":{"name":"us-central1-capturePaymentHttp"},"extension":{},"message":"[worker-us-central1-capturePaymentHttp-fb9bb777-143d-49b6-ae10-2e841f8d4e9a]: IDLE"}}
[debug] [2026-01-25T15:49:49.916Z] [worker-pool] submitRequest(triggerId=us-central1-capturePaymentHttp) {"metadata":{"emulator":{"name":"functions"},"message":"[worker-pool] submitRequest(triggerId=us-central1-capturePaymentHttp)"}}
[info] i  functions: Beginning execution of "us-central1-capturePaymentHttp" {"metadata":{"emulator":{"name":"functions"},"function":{"name":"us-central1-capturePaymentHttp"},"extension":{},"message":"Beginning execution of \"us-central1-capturePaymentHttp\""}}
[debug] [2026-01-25T15:49:49.917Z] [worker-us-central1-capturePaymentHttp-fb9bb777-143d-49b6-ae10-2e841f8d4e9a]: BUSY {"metadata":{"emulator":{"name":"functions"},"function":{"name":"us-central1-capturePaymentHttp"},"extension":{},"message":"[worker-us-central1-capturePaymentHttp-fb9bb777-143d-49b6-ae10-2e841f8d4e9a]: BUSY"}}
[debug] [2026-01-25T15:49:49.922Z] Finishing up request with event=pause {"metadata":{"emulator":{"name":"functions"},"function":{"name":"us-central1-capturePaymentHttp"},"extension":{},"message":"Finishing up request with event=pause"}}
[info] i  functions: Finished "us-central1-capturePaymentHttp" in 5.4294ms {"metadata":{"emulator":{"name":"functions"},"function":{"name":"us-central1-capturePaymentHttp"},"extension":{},"message":"Finished \"us-central1-capturePaymentHttp\" in 5.4294ms"}}
[debug] [2026-01-25T15:49:49.923Z] [worker-us-central1-capturePaymentHttp-fb9bb777-143d-49b6-ae10-2e841f8d4e9a]: IDLE {"metadata":{"emulator":{"name":"functions"},"function":{"name":"us-central1-capturePaymentHttp"},"extension":{},"message":"[worker-us-central1-capturePaymentHttp-fb9bb777-143d-49b6-ae10-2e841f8d4e9a]: IDLE"}}
[debug] [2026-01-25T15:49:49.923Z] Finishing up request with event=finish {"metadata":{"emulator":{"name":"functions"},"function":{"name":"us-central1-capturePaymentHttp"},"extension":{},"message":"Finishing up request with event=finish"}}
[debug] [2026-01-25T15:49:49.923Z] Finishing up request with event=close {"metadata":{"emulator":{"name":"functions"},"function":{"name":"us-central1-capturePaymentHttp"},"extension":{},"message":"Finishing up request with event=close"}}
[debug] [2026-01-25T15:49:49.923Z] [work-queue] {"queuedWork":[],"queueLength":0,"runningWork":[],"workRunningCount":0}
[debug] [2026-01-25T15:49:49.925Z] [work-queue] {"queuedWork":["/sprintothon-cd194/us-central1/capturePaymentHttp-2026-01-25T15:49:49.924Z"],"queueLength":1,"runningWork":[],"workRunningCount":0}
[debug] [2026-01-25T15:49:49.925Z] [work-queue] {"queuedWork":[],"queueLength":0,"runningWork":["/sprintothon-cd194/us-central1/capturePaymentHttp-2026-01-25T15:49:49.924Z"],"workRunningCount":1}
[debug] [2026-01-25T15:49:49.925Z] Accepted request POST /sprintothon-cd194/us-central1/capturePaymentHttp --> us-central1-capturePaymentHttp
[debug] [2026-01-25T15:49:49.925Z] [functions] Runtime ready! Sending request! {"metadata":{"emulator":{"name":"functions"},"message":"[functions] Runtime ready! Sending request!"}}
[debug] [2026-01-25T15:49:49.925Z] [functions] Got req.url=/sprintothon-cd194/us-central1/capturePaymentHttp, mapping to path=/ {"metadata":{"emulator":{"name":"functions"},"message":"[functions] Got req.url=/sprintothon-cd194/us-central1/capturePaymentHttp, mapping to path=/"}}
[debug] [2026-01-25T15:49:49.926Z] [worker-pool] submitRequest(triggerId=us-central1-capturePaymentHttp) {"metadata":{"emulator":{"name":"functions"},"message":"[worker-pool] submitRequest(triggerId=us-central1-capturePaymentHttp)"}}
[info] i  functions: Beginning execution of "us-central1-capturePaymentHttp" {"metadata":{"emulator":{"name":"functions"},"function":{"name":"us-central1-capturePaymentHttp"},"extension":{},"message":"Beginning execution of \"us-central1-capturePaymentHttp\""}}
[debug] [2026-01-25T15:49:49.926Z] [worker-us-central1-capturePaymentHttp-fb9bb777-143d-49b6-ae10-2e841f8d4e9a]: BUSY {"metadata":{"emulator":{"name":"functions"},"function":{"name":"us-central1-capturePaymentHttp"},"extension":{},"message":"[worker-us-central1-capturePaymentHttp-fb9bb777-143d-49b6-ae10-2e841f8d4e9a]: BUSY"}}
[info] >  {"verifications":{"app":"MISSING","auth":"MISSING"},"logging.googleapis.com/labels":{"firebase-log-type":"callable-request-verification"},"severity":"DEBUG","message":"Callable request verification passed"} {"user":{"verifications":{"app":"MISSING","auth":"MISSING"},"logging.googleapis.com/labels":{"firebase-log-type":"callable-request-verification"},"severity":"DEBUG","message":"Callable request verification passed"},"metadata":{"emulator":{"name":"functions"},"function":{"name":"us-central1-capturePaymentHttp"},"extension":{},"message":"\u001b[90m> \u001b[39m {\"verifications\":{\"app\":\"MISSING\",\"auth\":\"MISSING\"},\"logging.googleapis.com/labels\":{\"firebase-log-type\":\"callable-request-verification\"},\"severity\":\"DEBUG\",\"message\":\"Callable request verification passed\"}"}}
[info] >  pay_S8AOrgvIDNkPUi 84600 DEBUG capturePaymentHttp called with {"user":"pay_S8AOrgvIDNkPUi 84600 DEBUG capturePaymentHttp called with","metadata":{"emulator":{"name":"functions"},"function":{"name":"us-central1-capturePaymentHttp"},"extension":{},"message":"\u001b[90m> \u001b[39m pay_S8AOrgvIDNkPUi 84600 DEBUG capturePaymentHttp called with"}}
[info] >  Email sent successfully: <b393fc08-bb0b-a200-0d63-fff6adcaee39@sprintothon.com> {"user":"Email sent successfully: <b393fc08-bb0b-a200-0d63-fff6adcaee39@sprintothon.com>","metadata":{"emulator":{"name":"functions"},"function":{"name":"us-central1-capturePaymentHttp"},"extension":{},"message":"\u001b[90m> \u001b[39m Email sent successfully: <b393fc08-bb0b-a200-0d63-fff6adcaee39@sprintothon.com>"}}
[debug] [2026-01-25T15:49:53.934Z] Finishing up request with event=pause {"metadata":{"emulator":{"name":"functions"},"function":{"name":"us-central1-capturePaymentHttp"},"extension":{},"message":"Finishing up request with event=pause"}}
[info] i  functions: Finished "us-central1-capturePaymentHttp" in 4008.5394ms {"metadata":{"emulator":{"name":"functions"},"function":{"name":"us-central1-capturePaymentHttp"},"extension":{},"message":"Finished \"us-central1-capturePaymentHttp\" in 4008.5394ms"}}
[debug] [2026-01-25T15:49:53.936Z] [worker-us-central1-capturePaymentHttp-fb9bb777-143d-49b6-ae10-2e841f8d4e9a]: IDLE {"metadata":{"emulator":{"name":"functions"},"function":{"name":"us-central1-capturePaymentHttp"},"extension":{},"message":"[worker-us-central1-capturePaymentHttp-fb9bb777-143d-49b6-ae10-2e841f8d4e9a]: IDLE"}}
[debug] [2026-01-25T15:49:53.936Z] Finishing up request with event=finish {"metadata":{"emulator":{"name":"functions"},"function":{"name":"us-central1-capturePaymentHttp"},"extension":{},"message":"Finishing up request with event=finish"}}
[debug] [2026-01-25T15:49:53.936Z] Finishing up request with event=close {"metadata":{"emulator":{"name":"functions"},"function":{"name":"us-central1-capturePaymentHttp"},"extension":{},"message":"Finishing up request with event=close"}}
[debug] [2026-01-25T15:49:53.936Z] [work-queue] {"queuedWork":[],"queueLength":0,"runningWork":[],"workRunningCount":0}
[debug] [2026-01-25T15:51:53.478Z] File M:\naresh\sprintothon\functions\index.js changed, reloading triggers {"metadata":{"emulator":{"name":"functions"},"message":"File M:\\naresh\\sprintothon\\functions\\index.js changed, reloading triggers"}}
[debug] [2026-01-25T15:51:54.495Z] Validating nodejs source
[warn] !  functions: package.json indicates an outdated version of firebase-functions. Please upgrade using npm install --save firebase-functions@latest in your functions directory. 
[debug] [2026-01-25T15:51:55.994Z] > [functions] package.json contents: {
  "name": "functions",
  "description": "Cloud Functions for Firebase",
  "scripts": {
    "lint": "eslint .",
    "dev": "firebase emulators:start --inspect-functions --only functions",
    "serve": "firebase emulators:start --only functions",
    "shell": "firebase functions:shell",
    "start": "npm run shell",
    "deploy": "firebase deploy --only functions",
    "logs": "firebase functions:log"
  },
  "engines": {
    "node": "24"
  },
  "main": "index.js",
  "dependencies": {
    "cors": "^2.8.5",
    "firebase-admin": "^13.6.0",
    "firebase-functions": "^7.0.0",
    "nodemailer": "^6.10.1",
    "razorpay": "^2.9.6"
  },
  "devDependencies": {
    "@typescript-eslint/eslint-plugin": "^8.50.1",
    "@typescript-eslint/parser": "^8.50.1",
    "eslint": "^9.39.2",
    "eslint-config-google": "^0.14.0",
    "firebase-functions-test": "^3.4.1"
  },
  "private": true
}
[debug] [2026-01-25T15:51:55.995Z] Building nodejs source
[debug] [2026-01-25T15:51:55.995Z] Failed to find version of module node: reached end of search path M:\naresh\sprintothon\functions\node_modules
[warn] !  functions: Your requested "node" version "24" doesn't match your global version "20". Using node@20 from host. 
[debug] [2026-01-25T15:51:55.997Z] Could not find functions.yaml. Must use http discovery
[debug] [2026-01-25T15:51:56.006Z] Found firebase-functions binary at 'M:\naresh\sprintothon\functions\node_modules\.bin\firebase-functions'
[info] Serving at port 8746

[debug] [2026-01-25T15:51:57.238Z] Got response from /__/functions.yaml {"endpoints":{"api":{"availableMemoryMb":null,"timeoutSeconds":null,"minInstances":null,"maxInstances":null,"ingressSettings":null,"concurrency":null,"serviceAccountEmail":null,"vpc":null,"platform":"gcfv2","labels":{},"httpsTrigger":{},"entryPoint":"api"},"capturePaymentHttp":{"availableMemoryMb":null,"timeoutSeconds":null,"minInstances":null,"maxInstances":null,"ingressSettings":null,"concurrency":null,"serviceAccountEmail":null,"vpc":null,"platform":"gcfv2","labels":{},"callableTrigger":{},"entryPoint":"capturePaymentHttp"}},"specVersion":"v1alpha1","requiredAPIs":[],"extensions":{}}
[info] +  functions: Loaded functions definitions from source: api, capturePaymentHttp. {"metadata":{"emulator":{"name":"functions"},"message":"Loaded functions definitions from source: api, capturePaymentHttp."}}
[debug] [2026-01-25T15:52:01.292Z] [worker-pool] Shutting down IDLE worker (us-central1-capturePaymentHttp) {"metadata":{"emulator":{"name":"functions"},"message":"[worker-pool] Shutting down IDLE worker (us-central1-capturePaymentHttp)"}}
[debug] [2026-01-25T15:52:01.293Z] [worker-us-central1-capturePaymentHttp-fb9bb777-143d-49b6-ae10-2e841f8d4e9a]: FINISHING {"metadata":{"emulator":{"name":"functions"},"function":{"name":"us-central1-capturePaymentHttp"},"extension":{},"message":"[worker-us-central1-capturePaymentHttp-fb9bb777-143d-49b6-ae10-2e841f8d4e9a]: FINISHING"}}
[debug] [2026-01-25T15:52:01.303Z] [worker-us-central1-capturePaymentHttp-fb9bb777-143d-49b6-ae10-2e841f8d4e9a]: exited {"metadata":{"emulator":{"name":"functions"},"function":{"name":"us-central1-capturePaymentHttp"},"extension":{},"message":"[worker-us-central1-capturePaymentHttp-fb9bb777-143d-49b6-ae10-2e841f8d4e9a]: exited"}}
[debug] [2026-01-25T15:52:01.304Z] [worker-us-central1-capturePaymentHttp-fb9bb777-143d-49b6-ae10-2e841f8d4e9a]: FINISHED {"metadata":{"emulator":{"name":"functions"},"function":{"name":"us-central1-capturePaymentHttp"},"extension":{},"message":"[worker-us-central1-capturePaymentHttp-fb9bb777-143d-49b6-ae10-2e841f8d4e9a]: FINISHED"}}
[debug] [2026-01-26T08:03:34.248Z] File M:\naresh\sprintothon\functions\index.js changed, reloading triggers {"metadata":{"emulator":{"name":"functions"},"message":"File M:\\naresh\\sprintothon\\functions\\index.js changed, reloading triggers"}}
[debug] [2026-01-26T08:03:35.332Z] Validating nodejs source
[debug] [2026-01-26T08:03:45.548Z] checkFunctionsSDKVersion was unable to fetch information from NPM Error: spawnSync C:\WINDOWS\system32\cmd.exe ETIMEDOUT
    at Object.spawnSync (node:internal/child_process:1123:20)
    at Object.spawnSync (node:child_process:877:24)
    at Function.spawnSync [as sync] (C:\Users\puria\AppData\Roaming\nvm\v20.19.6\node_modules\firebase-tools\node_modules\cross-spawn\index.js:26:23)
    at Object.getLatestSDKVersion (C:\Users\puria\AppData\Roaming\nvm\v20.19.6\node_modules\firebase-tools\lib\deploy\functions\runtimes\node\versioning.js:55:25)
    at Object.checkFunctionsSDKVersion (C:\Users\puria\AppData\Roaming\nvm\v20.19.6\node_modules\firebase-tools\lib\deploy\functions\runtimes\node\versioning.js:74:32)
    at Delegate.validate (C:\Users\puria\AppData\Roaming\nvm\v20.19.6\node_modules\firebase-tools\lib\deploy\functions\runtimes\node\index.js:88:20)
    at FunctionsEmulator.discoverTriggers (C:\Users\puria\AppData\Roaming\nvm\v20.19.6\node_modules\firebase-tools\lib\emulator\functionsEmulator.js:321:35)
    at async FunctionsEmulator.loadTriggers (C:\Users\puria\AppData\Roaming\nvm\v20.19.6\node_modules\firebase-tools\lib\emulator\functionsEmulator.js:367:34)
[debug] [2026-01-26T08:03:45.570Z] > [functions] package.json contents: {
  "name": "functions",
  "description": "Cloud Functions for Firebase",
  "scripts": {
    "lint": "eslint .",
    "dev": "firebase emulators:start --inspect-functions --only functions",
    "serve": "firebase emulators:start --only functions",
    "shell": "firebase functions:shell",
    "start": "npm run shell",
    "deploy": "firebase deploy --only functions",
    "logs": "firebase functions:log"
  },
  "engines": {
    "node": "24"
  },
  "main": "index.js",
  "dependencies": {
    "cors": "^2.8.5",
    "firebase-admin": "^13.6.0",
    "firebase-functions": "^7.0.0",
    "nodemailer": "^6.10.1",
    "razorpay": "^2.9.6"
  },
  "devDependencies": {
    "@typescript-eslint/eslint-plugin": "^8.50.1",
    "@typescript-eslint/parser": "^8.50.1",
    "eslint": "^9.39.2",
    "eslint-config-google": "^0.14.0",
    "firebase-functions-test": "^3.4.1"
  },
  "private": true
}
[debug] [2026-01-26T08:03:45.571Z] Building nodejs source
[debug] [2026-01-26T08:03:45.572Z] Failed to find version of module node: reached end of search path M:\naresh\sprintothon\functions\node_modules
[warn] !  functions: Your requested "node" version "24" doesn't match your global version "20". Using node@20 from host. 
[debug] [2026-01-26T08:03:45.602Z] Could not find functions.yaml. Must use http discovery
[debug] [2026-01-26T08:03:45.624Z] Found firebase-functions binary at 'M:\naresh\sprintothon\functions\node_modules\.bin\firebase-functions'
[info] Serving at port 8258

[error] !!  functions: Failed to load function definition from source: FirebaseError: User code failed to load. Cannot determine backend specification. Timeout after 10000. See https://firebase.google.com/docs/functions/tips#avoid_deployment_timeouts_during_initialization' {"metadata":{"emulator":{"name":"functions"},"message":"Failed to load function definition from source: FirebaseError: User code failed to load. Cannot determine backend specification. Timeout after 10000. See https://firebase.google.com/docs/functions/tips#avoid_deployment_timeouts_during_initialization'"}}
[debug] [2026-01-26T08:07:12.453Z] File M:\naresh\sprintothon\functions\index.js changed, reloading triggers {"metadata":{"emulator":{"name":"functions"},"message":"File M:\\naresh\\sprintothon\\functions\\index.js changed, reloading triggers"}}
[debug] [2026-01-26T08:07:13.475Z] Validating nodejs source
[warn] !  functions: package.json indicates an outdated version of firebase-functions. Please upgrade using npm install --save firebase-functions@latest in your functions directory. 
[debug] [2026-01-26T08:07:15.515Z] > [functions] package.json contents: {
  "name": "functions",
  "description": "Cloud Functions for Firebase",
  "scripts": {
    "lint": "eslint .",
    "dev": "firebase emulators:start --inspect-functions --only functions",
    "serve": "firebase emulators:start --only functions",
    "shell": "firebase functions:shell",
    "start": "npm run shell",
    "deploy": "firebase deploy --only functions",
    "logs": "firebase functions:log"
  },
  "engines": {
    "node": "24"
  },
  "main": "index.js",
  "dependencies": {
    "cors": "^2.8.5",
    "firebase-admin": "^13.6.0",
    "firebase-functions": "^7.0.0",
    "nodemailer": "^6.10.1",
    "razorpay": "^2.9.6"
  },
  "devDependencies": {
    "@typescript-eslint/eslint-plugin": "^8.50.1",
    "@typescript-eslint/parser": "^8.50.1",
    "eslint": "^9.39.2",
    "eslint-config-google": "^0.14.0",
    "firebase-functions-test": "^3.4.1"
  },
  "private": true
}
[debug] [2026-01-26T08:07:15.515Z] Building nodejs source
[debug] [2026-01-26T08:07:15.515Z] Failed to find version of module node: reached end of search path M:\naresh\sprintothon\functions\node_modules
[warn] !  functions: Your requested "node" version "24" doesn't match your global version "20". Using node@20 from host. 
[debug] [2026-01-26T08:07:15.519Z] Could not find functions.yaml. Must use http discovery
[debug] [2026-01-26T08:07:15.528Z] Found firebase-functions binary at 'M:\naresh\sprintothon\functions\node_modules\.bin\firebase-functions'
[info] Serving at port 8257

[debug] [2026-01-26T08:07:17.509Z] Got response from /__/functions.yaml {"endpoints":{"api":{"availableMemoryMb":null,"timeoutSeconds":null,"minInstances":null,"maxInstances":null,"ingressSettings":null,"concurrency":null,"serviceAccountEmail":null,"vpc":null,"platform":"gcfv2","labels":{},"httpsTrigger":{},"entryPoint":"api"},"capturePaymentHttp":{"availableMemoryMb":null,"timeoutSeconds":null,"minInstances":null,"maxInstances":null,"ingressSettings":null,"concurrency":null,"serviceAccountEmail":null,"vpc":null,"platform":"gcfv2","labels":{},"callableTrigger":{},"entryPoint":"capturePaymentHttp"}},"specVersion":"v1alpha1","requiredAPIs":[],"extensions":{}}
[info] +  functions: Loaded functions definitions from source: api, capturePaymentHttp. {"metadata":{"emulator":{"name":"functions"},"message":"Loaded functions definitions from source: api, capturePaymentHttp."}}
[debug] [2026-01-26T08:08:11.117Z] File M:\naresh\sprintothon\functions\index.js changed, reloading triggers {"metadata":{"emulator":{"name":"functions"},"message":"File M:\\naresh\\sprintothon\\functions\\index.js changed, reloading triggers"}}
[debug] [2026-01-26T08:08:12.118Z] Validating nodejs source
[warn] !  functions: package.json indicates an outdated version of firebase-functions. Please upgrade using npm install --save firebase-functions@latest in your functions directory. 
[debug] [2026-01-26T08:08:13.436Z] > [functions] package.json contents: {
  "name": "functions",
  "description": "Cloud Functions for Firebase",
  "scripts": {
    "lint": "eslint .",
    "dev": "firebase emulators:start --inspect-functions --only functions",
    "serve": "firebase emulators:start --only functions",
    "shell": "firebase functions:shell",
    "start": "npm run shell",
    "deploy": "firebase deploy --only functions",
    "logs": "firebase functions:log"
  },
  "engines": {
    "node": "24"
  },
  "main": "index.js",
  "dependencies": {
    "cors": "^2.8.5",
    "firebase-admin": "^13.6.0",
    "firebase-functions": "^7.0.0",
    "nodemailer": "^6.10.1",
    "razorpay": "^2.9.6"
  },
  "devDependencies": {
    "@typescript-eslint/eslint-plugin": "^8.50.1",
    "@typescript-eslint/parser": "^8.50.1",
    "eslint": "^9.39.2",
    "eslint-config-google": "^0.14.0",
    "firebase-functions-test": "^3.4.1"
  },
  "private": true
}
[debug] [2026-01-26T08:08:13.437Z] Building nodejs source
[debug] [2026-01-26T08:08:13.437Z] Failed to find version of module node: reached end of search path M:\naresh\sprintothon\functions\node_modules
[warn] !  functions: Your requested "node" version "24" doesn't match your global version "20". Using node@20 from host. 
[debug] [2026-01-26T08:08:13.439Z] Could not find functions.yaml. Must use http discovery
[debug] [2026-01-26T08:08:13.451Z] Found firebase-functions binary at 'M:\naresh\sprintothon\functions\node_modules\.bin\firebase-functions'
[info] Serving at port 8535

[debug] [2026-01-26T08:08:14.975Z] Got response from /__/functions.yaml {"endpoints":{"api":{"availableMemoryMb":null,"timeoutSeconds":null,"minInstances":null,"maxInstances":null,"ingressSettings":null,"concurrency":null,"serviceAccountEmail":null,"vpc":null,"platform":"gcfv2","labels":{},"httpsTrigger":{},"entryPoint":"api"},"capturePaymentHttp":{"availableMemoryMb":null,"timeoutSeconds":null,"minInstances":null,"maxInstances":null,"ingressSettings":null,"concurrency":null,"serviceAccountEmail":null,"vpc":null,"platform":"gcfv2","labels":{},"callableTrigger":{},"entryPoint":"capturePaymentHttp"}},"specVersion":"v1alpha1","requiredAPIs":[],"extensions":{}}
[info] +  functions: Loaded functions definitions from source: api, capturePaymentHttp. {"metadata":{"emulator":{"name":"functions"},"message":"Loaded functions definitions from source: api, capturePaymentHttp."}}
[debug] [2026-01-26T08:08:30.682Z] File M:\naresh\sprintothon\functions\index.js changed, reloading triggers {"metadata":{"emulator":{"name":"functions"},"message":"File M:\\naresh\\sprintothon\\functions\\index.js changed, reloading triggers"}}
[debug] [2026-01-26T08:08:31.688Z] Validating nodejs source
[warn] !  functions: package.json indicates an outdated version of firebase-functions. Please upgrade using npm install --save firebase-functions@latest in your functions directory. 
[debug] [2026-01-26T08:08:33.005Z] > [functions] package.json contents: {
  "name": "functions",
  "description": "Cloud Functions for Firebase",
  "scripts": {
    "lint": "eslint .",
    "dev": "firebase emulators:start --inspect-functions --only functions",
    "serve": "firebase emulators:start --only functions",
    "shell": "firebase functions:shell",
    "start": "npm run shell",
    "deploy": "firebase deploy --only functions",
    "logs": "firebase functions:log"
  },
  "engines": {
    "node": "24"
  },
  "main": "index.js",
  "dependencies": {
    "cors": "^2.8.5",
    "firebase-admin": "^13.6.0",
    "firebase-functions": "^7.0.0",
    "nodemailer": "^6.10.1",
    "razorpay": "^2.9.6"
  },
  "devDependencies": {
    "@typescript-eslint/eslint-plugin": "^8.50.1",
    "@typescript-eslint/parser": "^8.50.1",
    "eslint": "^9.39.2",
    "eslint-config-google": "^0.14.0",
    "firebase-functions-test": "^3.4.1"
  },
  "private": true
}
[debug] [2026-01-26T08:08:33.005Z] Building nodejs source
[debug] [2026-01-26T08:08:33.005Z] Failed to find version of module node: reached end of search path M:\naresh\sprintothon\functions\node_modules
[warn] !  functions: Your requested "node" version "24" doesn't match your global version "20". Using node@20 from host. 
[debug] [2026-01-26T08:08:33.006Z] Could not find functions.yaml. Must use http discovery
[debug] [2026-01-26T08:08:33.016Z] Found firebase-functions binary at 'M:\naresh\sprintothon\functions\node_modules\.bin\firebase-functions'
[info] Serving at port 8081

[debug] [2026-01-26T08:08:34.112Z] Got response from /__/functions.yaml {"endpoints":{"api":{"availableMemoryMb":null,"timeoutSeconds":null,"minInstances":null,"maxInstances":null,"ingressSettings":null,"concurrency":null,"serviceAccountEmail":null,"vpc":null,"platform":"gcfv2","labels":{},"httpsTrigger":{},"entryPoint":"api"},"capturePaymentHttp":{"availableMemoryMb":null,"timeoutSeconds":null,"minInstances":null,"maxInstances":null,"ingressSettings":null,"concurrency":null,"serviceAccountEmail":null,"vpc":null,"platform":"gcfv2","labels":{},"callableTrigger":{},"entryPoint":"capturePaymentHttp"}},"specVersion":"v1alpha1","requiredAPIs":[],"extensions":{}}
[info] +  functions: Loaded functions definitions from source: api, capturePaymentHttp. {"metadata":{"emulator":{"name":"functions"},"message":"Loaded functions definitions from source: api, capturePaymentHttp."}}
[debug] [2026-01-26T08:10:56.089Z] [work-queue] {"queuedWork":["/sprintothon-cd194/us-central1/capturePaymentHttp-2026-01-26T08:10:56.089Z"],"queueLength":1,"runningWork":[],"workRunningCount":0}
[debug] [2026-01-26T08:10:56.092Z] [work-queue] {"queuedWork":[],"queueLength":0,"runningWork":["/sprintothon-cd194/us-central1/capturePaymentHttp-2026-01-26T08:10:56.089Z"],"workRunningCount":1}
[debug] [2026-01-26T08:10:56.092Z] Accepted request OPTIONS /sprintothon-cd194/us-central1/capturePaymentHttp --> us-central1-capturePaymentHttp
[debug] [2026-01-26T08:10:56.108Z] [functions] Runtime ready! Sending request! {"metadata":{"emulator":{"name":"functions"},"message":"[functions] Runtime ready! Sending request!"}}
[debug] [2026-01-26T08:10:56.112Z] [functions] Got req.url=/sprintothon-cd194/us-central1/capturePaymentHttp, mapping to path=/ {"metadata":{"emulator":{"name":"functions"},"message":"[functions] Got req.url=/sprintothon-cd194/us-central1/capturePaymentHttp, mapping to path=/"}}
[debug] [2026-01-26T08:10:56.114Z] [worker-pool] Cleaned up workers for us-central1-capturePaymentHttp: 1 --> 0 {"metadata":{"emulator":{"name":"functions"},"message":"[worker-pool] Cleaned up workers for us-central1-capturePaymentHttp: 1 --> 0"}}
[debug] [2026-01-26T08:10:56.163Z] [worker-pool] addWorker(us-central1-capturePaymentHttp) {"metadata":{"emulator":{"name":"functions"},"message":"[worker-pool] addWorker(us-central1-capturePaymentHttp)"}}
[debug] [2026-01-26T08:10:56.165Z] [worker-pool] Adding worker with key us-central1-capturePaymentHttp, total=1 {"metadata":{"emulator":{"name":"functions"},"message":"[worker-pool] Adding worker with key us-central1-capturePaymentHttp, total=1"}}
[error] !!  functions: Failed to handle request for function us-central1-capturePaymentHttp {"metadata":{"emulator":{"name":"functions"},"message":"Failed to handle request for function us-central1-capturePaymentHttp"}}
[error] !!  functions: Failed to start functions in M:\naresh\sprintothon\functions: FirebaseError: Failed to load function. {"metadata":{"emulator":{"name":"functions"},"message":"Failed to start functions in M:\\naresh\\sprintothon\\functions: FirebaseError: Failed to load function."}}
[debug] [2026-01-26T08:11:26.193Z] [work-queue] {"queuedWork":[],"queueLength":0,"runningWork":[],"workRunningCount":0}
[debug] [2026-01-26T08:15:25.317Z] [runtime-status] [20608] Resolved module firebase-admin {"declared":true,"installed":true,"version":"13.6.0","resolution":"M:\\naresh\\sprintothon\\functions\\node_modules\\firebase-admin\\lib\\index.js"} {"metadata":{"emulator":{"name":"functions"},"function":{"name":"us-central1-capturePaymentHttp"},"extension":{},"message":"[runtime-status] [20608] Resolved module firebase-admin {\"declared\":true,\"installed\":true,\"version\":\"13.6.0\",\"resolution\":\"M:\\\\naresh\\\\sprintothon\\\\functions\\\\node_modules\\\\firebase-admin\\\\lib\\\\index.js\"}"}}
[debug] [2026-01-26T08:15:25.318Z] [runtime-status] [20608] Resolved module firebase-functions {"declared":true,"installed":true,"version":"7.0.2","resolution":"M:\\naresh\\sprintothon\\functions\\node_modules\\firebase-functions\\lib\\v2\\index.js"} {"metadata":{"emulator":{"name":"functions"},"function":{"name":"us-central1-capturePaymentHttp"},"extension":{},"message":"[runtime-status] [20608] Resolved module firebase-functions {\"declared\":true,\"installed\":true,\"version\":\"7.0.2\",\"resolution\":\"M:\\\\naresh\\\\sprintothon\\\\functions\\\\node_modules\\\\firebase-functions\\\\lib\\\\v2\\\\index.js\"}"}}
[debug] [2026-01-26T08:15:25.320Z] [runtime-status] [20608] Outgoing network have been stubbed. [{"name":"http","status":"mocked"},{"name":"http","status":"mocked"},{"name":"https","status":"mocked"},{"name":"https","status":"mocked"},{"name":"net","status":"mocked"}] {"metadata":{"emulator":{"name":"functions"},"function":{"name":"us-central1-capturePaymentHttp"},"extension":{},"message":"[runtime-status] [20608] Outgoing network have been stubbed. [{\"name\":\"http\",\"status\":\"mocked\"},{\"name\":\"http\",\"status\":\"mocked\"},{\"name\":\"https\",\"status\":\"mocked\"},{\"name\":\"https\",\"status\":\"mocked\"},{\"name\":\"net\",\"status\":\"mocked\"}]"}}
[debug] [2026-01-26T08:15:25.321Z] [runtime-status] [20608] Resolved module firebase-functions {"declared":true,"installed":true,"version":"7.0.2","resolution":"M:\\naresh\\sprintothon\\functions\\node_modules\\firebase-functions\\lib\\v2\\index.js"} {"metadata":{"emulator":{"name":"functions"},"function":{"name":"us-central1-capturePaymentHttp"},"extension":{},"message":"[runtime-status] [20608] Resolved module firebase-functions {\"declared\":true,\"installed\":true,\"version\":\"7.0.2\",\"resolution\":\"M:\\\\naresh\\\\sprintothon\\\\functions\\\\node_modules\\\\firebase-functions\\\\lib\\\\v2\\\\index.js\"}"}}
[debug] [2026-01-26T08:15:25.321Z] [runtime-status] [20608] Detected firebase-functions v7+, skipping legacy stubs. {"metadata":{"emulator":{"name":"functions"},"function":{"name":"us-central1-capturePaymentHttp"},"extension":{},"message":"[runtime-status] [20608] Detected firebase-functions v7+, skipping legacy stubs."}}
[debug] [2026-01-26T08:15:25.324Z] [runtime-status] [20608] Resolved module firebase-admin {"declared":true,"installed":true,"version":"13.6.0","resolution":"M:\\naresh\\sprintothon\\functions\\node_modules\\firebase-admin\\lib\\index.js"} {"metadata":{"emulator":{"name":"functions"},"function":{"name":"us-central1-capturePaymentHttp"},"extension":{},"message":"[runtime-status] [20608] Resolved module firebase-admin {\"declared\":true,\"installed\":true,\"version\":\"13.6.0\",\"resolution\":\"M:\\\\naresh\\\\sprintothon\\\\functions\\\\node_modules\\\\firebase-admin\\\\lib\\\\index.js\"}"}}
[debug] [2026-01-26T08:15:25.925Z] [runtime-status] [20608] Resolved module firebase-functions {"declared":true,"installed":true,"version":"7.0.2","resolution":"M:\\naresh\\sprintothon\\functions\\node_modules\\firebase-functions\\lib\\v2\\index.js"} {"metadata":{"emulator":{"name":"functions"},"function":{"name":"us-central1-capturePaymentHttp"},"extension":{},"message":"[runtime-status] [20608] Resolved module firebase-functions {\"declared\":true,\"installed\":true,\"version\":\"7.0.2\",\"resolution\":\"M:\\\\naresh\\\\sprintothon\\\\functions\\\\node_modules\\\\firebase-functions\\\\lib\\\\v2\\\\index.js\"}"}}
[debug] [2026-01-26T08:15:30.983Z] [runtime-status] [20608] firebase-admin has been stubbed. {"adminResolution":{"declared":true,"installed":true,"version":"13.6.0","resolution":"M:\\naresh\\sprintothon\\functions\\node_modules\\firebase-admin\\lib\\index.js"}} {"metadata":{"emulator":{"name":"functions"},"function":{"name":"us-central1-capturePaymentHttp"},"extension":{},"message":"[runtime-status] [20608] firebase-admin has been stubbed. {\"adminResolution\":{\"declared\":true,\"installed\":true,\"version\":\"13.6.0\",\"resolution\":\"M:\\\\naresh\\\\sprintothon\\\\functions\\\\node_modules\\\\firebase-admin\\\\lib\\\\index.js\"}}"}}
[debug] [2026-01-26T08:15:32.441Z] [runtime-status] [20608] Functions runtime initialized. {"cwd":"M:\\naresh\\sprintothon\\functions","node_version":"20.19.6"} {"metadata":{"emulator":{"name":"functions"},"function":{"name":"us-central1-capturePaymentHttp"},"extension":{},"message":"[runtime-status] [20608] Functions runtime initialized. {\"cwd\":\"M:\\\\naresh\\\\sprintothon\\\\functions\",\"node_version\":\"20.19.6\"}"}}
[debug] [2026-01-26T08:15:32.442Z] [runtime-status] [20608] Listening to port: \\?\pipe\fire_emu_f8e327b34600c4cf {"metadata":{"emulator":{"name":"functions"},"function":{"name":"us-central1-capturePaymentHttp"},"extension":{},"message":"[runtime-status] [20608] Listening to port: \\\\?\\pipe\\fire_emu_f8e327b34600c4cf"}}
[debug] [2026-01-26T08:19:58.232Z] [work-queue] {"queuedWork":["/sprintothon-cd194/us-central1/capturePaymentHttp-2026-01-26T08:19:58.231Z"],"queueLength":1,"runningWork":[],"workRunningCount":0}
[debug] [2026-01-26T08:19:58.249Z] [work-queue] {"queuedWork":[],"queueLength":0,"runningWork":["/sprintothon-cd194/us-central1/capturePaymentHttp-2026-01-26T08:19:58.231Z"],"workRunningCount":1}
[debug] [2026-01-26T08:19:58.250Z] Accepted request OPTIONS /sprintothon-cd194/us-central1/capturePaymentHttp --> us-central1-capturePaymentHttp
[debug] [2026-01-26T08:19:58.259Z] [functions] Runtime ready! Sending request! {"metadata":{"emulator":{"name":"functions"},"message":"[functions] Runtime ready! Sending request!"}}
[debug] [2026-01-26T08:19:58.266Z] [functions] Got req.url=/sprintothon-cd194/us-central1/capturePaymentHttp, mapping to path=/ {"metadata":{"emulator":{"name":"functions"},"message":"[functions] Got req.url=/sprintothon-cd194/us-central1/capturePaymentHttp, mapping to path=/"}}
[debug] [2026-01-26T08:19:58.316Z] [worker-pool] addWorker(us-central1-capturePaymentHttp) {"metadata":{"emulator":{"name":"functions"},"message":"[worker-pool] addWorker(us-central1-capturePaymentHttp)"}}
[debug] [2026-01-26T08:19:58.317Z] [worker-pool] Adding worker with key us-central1-capturePaymentHttp, total=2 {"metadata":{"emulator":{"name":"functions"},"message":"[worker-pool] Adding worker with key us-central1-capturePaymentHttp, total=2"}}
[debug] [2026-01-26T08:20:00.115Z] [runtime-status] [21792] Resolved module firebase-admin {"declared":true,"installed":true,"version":"13.6.0","resolution":"M:\\naresh\\sprintothon\\functions\\node_modules\\firebase-admin\\lib\\index.js"} {"metadata":{"emulator":{"name":"functions"},"function":{"name":"us-central1-capturePaymentHttp"},"extension":{},"message":"[runtime-status] [21792] Resolved module firebase-admin {\"declared\":true,\"installed\":true,\"version\":\"13.6.0\",\"resolution\":\"M:\\\\naresh\\\\sprintothon\\\\functions\\\\node_modules\\\\firebase-admin\\\\lib\\\\index.js\"}"}}
[debug] [2026-01-26T08:20:00.117Z] [runtime-status] [21792] Resolved module firebase-functions {"declared":true,"installed":true,"version":"7.0.2","resolution":"M:\\naresh\\sprintothon\\functions\\node_modules\\firebase-functions\\lib\\v2\\index.js"} {"metadata":{"emulator":{"name":"functions"},"function":{"name":"us-central1-capturePaymentHttp"},"extension":{},"message":"[runtime-status] [21792] Resolved module firebase-functions {\"declared\":true,\"installed\":true,\"version\":\"7.0.2\",\"resolution\":\"M:\\\\naresh\\\\sprintothon\\\\functions\\\\node_modules\\\\firebase-functions\\\\lib\\\\v2\\\\index.js\"}"}}
[debug] [2026-01-26T08:20:00.118Z] [runtime-status] [21792] Outgoing network have been stubbed. [{"name":"http","status":"mocked"},{"name":"http","status":"mocked"},{"name":"https","status":"mocked"},{"name":"https","status":"mocked"},{"name":"net","status":"mocked"}] {"metadata":{"emulator":{"name":"functions"},"function":{"name":"us-central1-capturePaymentHttp"},"extension":{},"message":"[runtime-status] [21792] Outgoing network have been stubbed. [{\"name\":\"http\",\"status\":\"mocked\"},{\"name\":\"http\",\"status\":\"mocked\"},{\"name\":\"https\",\"status\":\"mocked\"},{\"name\":\"https\",\"status\":\"mocked\"},{\"name\":\"net\",\"status\":\"mocked\"}]"}}
[debug] [2026-01-26T08:20:00.118Z] [runtime-status] [21792] Resolved module firebase-functions {"declared":true,"installed":true,"version":"7.0.2","resolution":"M:\\naresh\\sprintothon\\functions\\node_modules\\firebase-functions\\lib\\v2\\index.js"} {"metadata":{"emulator":{"name":"functions"},"function":{"name":"us-central1-capturePaymentHttp"},"extension":{},"message":"[runtime-status] [21792] Resolved module firebase-functions {\"declared\":true,\"installed\":true,\"version\":\"7.0.2\",\"resolution\":\"M:\\\\naresh\\\\sprintothon\\\\functions\\\\node_modules\\\\firebase-functions\\\\lib\\\\v2\\\\index.js\"}"}}
[debug] [2026-01-26T08:20:00.119Z] [runtime-status] [21792] Detected firebase-functions v7+, skipping legacy stubs. {"metadata":{"emulator":{"name":"functions"},"function":{"name":"us-central1-capturePaymentHttp"},"extension":{},"message":"[runtime-status] [21792] Detected firebase-functions v7+, skipping legacy stubs."}}
[debug] [2026-01-26T08:20:00.119Z] [runtime-status] [21792] Resolved module firebase-admin {"declared":true,"installed":true,"version":"13.6.0","resolution":"M:\\naresh\\sprintothon\\functions\\node_modules\\firebase-admin\\lib\\index.js"} {"metadata":{"emulator":{"name":"functions"},"function":{"name":"us-central1-capturePaymentHttp"},"extension":{},"message":"[runtime-status] [21792] Resolved module firebase-admin {\"declared\":true,\"installed\":true,\"version\":\"13.6.0\",\"resolution\":\"M:\\\\naresh\\\\sprintothon\\\\functions\\\\node_modules\\\\firebase-admin\\\\lib\\\\index.js\"}"}}
[debug] [2026-01-26T08:20:00.243Z] [runtime-status] [21792] Resolved module firebase-functions {"declared":true,"installed":true,"version":"7.0.2","resolution":"M:\\naresh\\sprintothon\\functions\\node_modules\\firebase-functions\\lib\\v2\\index.js"} {"metadata":{"emulator":{"name":"functions"},"function":{"name":"us-central1-capturePaymentHttp"},"extension":{},"message":"[runtime-status] [21792] Resolved module firebase-functions {\"declared\":true,\"installed\":true,\"version\":\"7.0.2\",\"resolution\":\"M:\\\\naresh\\\\sprintothon\\\\functions\\\\node_modules\\\\firebase-functions\\\\lib\\\\v2\\\\index.js\"}"}}
[debug] [2026-01-26T08:20:00.599Z] [runtime-status] [21792] firebase-admin has been stubbed. {"adminResolution":{"declared":true,"installed":true,"version":"13.6.0","resolution":"M:\\naresh\\sprintothon\\functions\\node_modules\\firebase-admin\\lib\\index.js"}} {"metadata":{"emulator":{"name":"functions"},"function":{"name":"us-central1-capturePaymentHttp"},"extension":{},"message":"[runtime-status] [21792] firebase-admin has been stubbed. {\"adminResolution\":{\"declared\":true,\"installed\":true,\"version\":\"13.6.0\",\"resolution\":\"M:\\\\naresh\\\\sprintothon\\\\functions\\\\node_modules\\\\firebase-admin\\\\lib\\\\index.js\"}}"}}
[debug] [2026-01-26T08:20:01.260Z] [runtime-status] [21792] Functions runtime initialized. {"cwd":"M:\\naresh\\sprintothon\\functions","node_version":"20.19.6"} {"metadata":{"emulator":{"name":"functions"},"function":{"name":"us-central1-capturePaymentHttp"},"extension":{},"message":"[runtime-status] [21792] Functions runtime initialized. {\"cwd\":\"M:\\\\naresh\\\\sprintothon\\\\functions\",\"node_version\":\"20.19.6\"}"}}
[debug] [2026-01-26T08:20:01.260Z] [runtime-status] [21792] Listening to port: \\?\pipe\fire_emu_36edc03484deb43b {"metadata":{"emulator":{"name":"functions"},"function":{"name":"us-central1-capturePaymentHttp"},"extension":{},"message":"[runtime-status] [21792] Listening to port: \\\\?\\pipe\\fire_emu_36edc03484deb43b"}}
[debug] [2026-01-26T08:20:01.360Z] [worker-us-central1-capturePaymentHttp-7dfa1e2c-29ee-4c6e-b5a7-7cf03aea304a]: IDLE {"metadata":{"emulator":{"name":"functions"},"function":{"name":"us-central1-capturePaymentHttp"},"extension":{},"message":"[worker-us-central1-capturePaymentHttp-7dfa1e2c-29ee-4c6e-b5a7-7cf03aea304a]: IDLE"}}
[debug] [2026-01-26T08:20:01.362Z] [worker-pool] submitRequest(triggerId=us-central1-capturePaymentHttp) {"metadata":{"emulator":{"name":"functions"},"message":"[worker-pool] submitRequest(triggerId=us-central1-capturePaymentHttp)"}}
[info] i  functions: Beginning execution of "us-central1-capturePaymentHttp" {"metadata":{"emulator":{"name":"functions"},"function":{"name":"us-central1-capturePaymentHttp"},"extension":{},"message":"Beginning execution of \"us-central1-capturePaymentHttp\""}}
[debug] [2026-01-26T08:20:01.390Z] [worker-us-central1-capturePaymentHttp-7dfa1e2c-29ee-4c6e-b5a7-7cf03aea304a]: BUSY {"metadata":{"emulator":{"name":"functions"},"function":{"name":"us-central1-capturePaymentHttp"},"extension":{},"message":"[worker-us-central1-capturePaymentHttp-7dfa1e2c-29ee-4c6e-b5a7-7cf03aea304a]: BUSY"}}
[debug] [2026-01-26T08:20:01.424Z] Finishing up request with event=pause {"metadata":{"emulator":{"name":"functions"},"function":{"name":"us-central1-capturePaymentHttp"},"extension":{},"message":"Finishing up request with event=pause"}}
[info] i  functions: Finished "us-central1-capturePaymentHttp" in 34.3224ms {"metadata":{"emulator":{"name":"functions"},"function":{"name":"us-central1-capturePaymentHttp"},"extension":{},"message":"Finished \"us-central1-capturePaymentHttp\" in 34.3224ms"}}
[debug] [2026-01-26T08:20:01.425Z] [worker-us-central1-capturePaymentHttp-7dfa1e2c-29ee-4c6e-b5a7-7cf03aea304a]: IDLE {"metadata":{"emulator":{"name":"functions"},"function":{"name":"us-central1-capturePaymentHttp"},"extension":{},"message":"[worker-us-central1-capturePaymentHttp-7dfa1e2c-29ee-4c6e-b5a7-7cf03aea304a]: IDLE"}}
[debug] [2026-01-26T08:20:01.426Z] Finishing up request with event=finish {"metadata":{"emulator":{"name":"functions"},"function":{"name":"us-central1-capturePaymentHttp"},"extension":{},"message":"Finishing up request with event=finish"}}
[debug] [2026-01-26T08:20:01.427Z] Finishing up request with event=close {"metadata":{"emulator":{"name":"functions"},"function":{"name":"us-central1-capturePaymentHttp"},"extension":{},"message":"Finishing up request with event=close"}}
[debug] [2026-01-26T08:20:01.427Z] [work-queue] {"queuedWork":[],"queueLength":0,"runningWork":[],"workRunningCount":0}
[debug] [2026-01-26T08:20:01.433Z] [work-queue] {"queuedWork":["/sprintothon-cd194/us-central1/capturePaymentHttp-2026-01-26T08:20:01.433Z"],"queueLength":1,"runningWork":[],"workRunningCount":0}
[debug] [2026-01-26T08:20:01.433Z] [work-queue] {"queuedWork":[],"queueLength":0,"runningWork":["/sprintothon-cd194/us-central1/capturePaymentHttp-2026-01-26T08:20:01.433Z"],"workRunningCount":1}
[debug] [2026-01-26T08:20:01.434Z] Accepted request POST /sprintothon-cd194/us-central1/capturePaymentHttp --> us-central1-capturePaymentHttp
[debug] [2026-01-26T08:20:01.434Z] [functions] Runtime ready! Sending request! {"metadata":{"emulator":{"name":"functions"},"message":"[functions] Runtime ready! Sending request!"}}
[debug] [2026-01-26T08:20:01.434Z] [functions] Got req.url=/sprintothon-cd194/us-central1/capturePaymentHttp, mapping to path=/ {"metadata":{"emulator":{"name":"functions"},"message":"[functions] Got req.url=/sprintothon-cd194/us-central1/capturePaymentHttp, mapping to path=/"}}
[debug] [2026-01-26T08:20:01.434Z] [worker-pool] submitRequest(triggerId=us-central1-capturePaymentHttp) {"metadata":{"emulator":{"name":"functions"},"message":"[worker-pool] submitRequest(triggerId=us-central1-capturePaymentHttp)"}}
[info] i  functions: Beginning execution of "us-central1-capturePaymentHttp" {"metadata":{"emulator":{"name":"functions"},"function":{"name":"us-central1-capturePaymentHttp"},"extension":{},"message":"Beginning execution of \"us-central1-capturePaymentHttp\""}}
[debug] [2026-01-26T08:20:01.435Z] [worker-us-central1-capturePaymentHttp-7dfa1e2c-29ee-4c6e-b5a7-7cf03aea304a]: BUSY {"metadata":{"emulator":{"name":"functions"},"function":{"name":"us-central1-capturePaymentHttp"},"extension":{},"message":"[worker-us-central1-capturePaymentHttp-7dfa1e2c-29ee-4c6e-b5a7-7cf03aea304a]: BUSY"}}
[info] >  {"verifications":{"app":"MISSING","auth":"MISSING"},"logging.googleapis.com/labels":{"firebase-log-type":"callable-request-verification"},"severity":"DEBUG","message":"Callable request verification passed"} {"user":{"verifications":{"app":"MISSING","auth":"MISSING"},"logging.googleapis.com/labels":{"firebase-log-type":"callable-request-verification"},"severity":"DEBUG","message":"Callable request verification passed"},"metadata":{"emulator":{"name":"functions"},"function":{"name":"us-central1-capturePaymentHttp"},"extension":{},"message":"\u001b[90m> \u001b[39m {\"verifications\":{\"app\":\"MISSING\",\"auth\":\"MISSING\"},\"logging.googleapis.com/labels\":{\"firebase-log-type\":\"callable-request-verification\"},\"severity\":\"DEBUG\",\"message\":\"Callable request verification passed\"}"}}
[info] >  pay_S8RGoQQkeoZrwj 84600 DEBUG capturePaymentHttp called with {"user":"pay_S8RGoQQkeoZrwj 84600 DEBUG capturePaymentHttp called with","metadata":{"emulator":{"name":"functions"},"function":{"name":"us-central1-capturePaymentHttp"},"extension":{},"message":"\u001b[90m> \u001b[39m pay_S8RGoQQkeoZrwj 84600 DEBUG capturePaymentHttp called with"}}
[info] >  Email sent successfully: <0ce11373-98f4-cfd0-57da-c4b3b9c9d19f@sprintothon.com> {"user":"Email sent successfully: <0ce11373-98f4-cfd0-57da-c4b3b9c9d19f@sprintothon.com>","metadata":{"emulator":{"name":"functions"},"function":{"name":"us-central1-capturePaymentHttp"},"extension":{},"message":"\u001b[90m> \u001b[39m Email sent successfully: <0ce11373-98f4-cfd0-57da-c4b3b9c9d19f@sprintothon.com>"}}
[debug] [2026-01-26T08:20:05.541Z] Finishing up request with event=pause {"metadata":{"emulator":{"name":"functions"},"function":{"name":"us-central1-capturePaymentHttp"},"extension":{},"message":"Finishing up request with event=pause"}}
[info] i  functions: Finished "us-central1-capturePaymentHttp" in 4106.4308ms {"metadata":{"emulator":{"name":"functions"},"function":{"name":"us-central1-capturePaymentHttp"},"extension":{},"message":"Finished \"us-central1-capturePaymentHttp\" in 4106.4308ms"}}
[debug] [2026-01-26T08:20:05.542Z] [worker-us-central1-capturePaymentHttp-7dfa1e2c-29ee-4c6e-b5a7-7cf03aea304a]: IDLE {"metadata":{"emulator":{"name":"functions"},"function":{"name":"us-central1-capturePaymentHttp"},"extension":{},"message":"[worker-us-central1-capturePaymentHttp-7dfa1e2c-29ee-4c6e-b5a7-7cf03aea304a]: IDLE"}}
[debug] [2026-01-26T08:20:05.542Z] Finishing up request with event=finish {"metadata":{"emulator":{"name":"functions"},"function":{"name":"us-central1-capturePaymentHttp"},"extension":{},"message":"Finishing up request with event=finish"}}
[debug] [2026-01-26T08:20:05.543Z] Finishing up request with event=close {"metadata":{"emulator":{"name":"functions"},"function":{"name":"us-central1-capturePaymentHttp"},"extension":{},"message":"Finishing up request with event=close"}}
[debug] [2026-01-26T08:20:05.543Z] [work-queue] {"queuedWork":[],"queueLength":0,"runningWork":[],"workRunningCount":0}
[debug] [2026-01-26T09:38:59.978Z] File M:\naresh\sprintothon\functions\index.js changed, reloading triggers {"metadata":{"emulator":{"name":"functions"},"message":"File M:\\naresh\\sprintothon\\functions\\index.js changed, reloading triggers"}}
[debug] [2026-01-26T09:39:01.034Z] Validating nodejs source
[debug] [2026-01-26T09:39:11.196Z] checkFunctionsSDKVersion was unable to fetch information from NPM Error: spawnSync C:\WINDOWS\system32\cmd.exe ETIMEDOUT
    at Object.spawnSync (node:internal/child_process:1123:20)
    at Object.spawnSync (node:child_process:877:24)
    at Function.spawnSync [as sync] (C:\Users\puria\AppData\Roaming\nvm\v20.19.6\node_modules\firebase-tools\node_modules\cross-spawn\index.js:26:23)
    at Object.getLatestSDKVersion (C:\Users\puria\AppData\Roaming\nvm\v20.19.6\node_modules\firebase-tools\lib\deploy\functions\runtimes\node\versioning.js:55:25)
    at Object.checkFunctionsSDKVersion (C:\Users\puria\AppData\Roaming\nvm\v20.19.6\node_modules\firebase-tools\lib\deploy\functions\runtimes\node\versioning.js:74:32)
    at Delegate.validate (C:\Users\puria\AppData\Roaming\nvm\v20.19.6\node_modules\firebase-tools\lib\deploy\functions\runtimes\node\index.js:88:20)
    at FunctionsEmulator.discoverTriggers (C:\Users\puria\AppData\Roaming\nvm\v20.19.6\node_modules\firebase-tools\lib\emulator\functionsEmulator.js:321:35)
    at async FunctionsEmulator.loadTriggers (C:\Users\puria\AppData\Roaming\nvm\v20.19.6\node_modules\firebase-tools\lib\emulator\functionsEmulator.js:367:34)
[debug] [2026-01-26T09:39:11.209Z] > [functions] package.json contents: {
  "name": "functions",
  "description": "Cloud Functions for Firebase",
  "scripts": {
    "lint": "eslint .",
    "dev": "firebase emulators:start --inspect-functions --only functions",
    "serve": "firebase emulators:start --only functions",
    "shell": "firebase functions:shell",
    "start": "npm run shell",
    "deploy": "firebase deploy --only functions",
    "logs": "firebase functions:log"
  },
  "engines": {
    "node": "24"
  },
  "main": "index.js",
  "dependencies": {
    "cors": "^2.8.5",
    "firebase-admin": "^13.6.0",
    "firebase-functions": "^7.0.0",
    "nodemailer": "^6.10.1",
    "razorpay": "^2.9.6"
  },
  "devDependencies": {
    "@typescript-eslint/eslint-plugin": "^8.50.1",
    "@typescript-eslint/parser": "^8.50.1",
    "eslint": "^9.39.2",
    "eslint-config-google": "^0.14.0",
    "firebase-functions-test": "^3.4.1"
  },
  "private": true
}
[debug] [2026-01-26T09:39:11.210Z] Building nodejs source
[debug] [2026-01-26T09:39:11.210Z] Failed to find version of module node: reached end of search path M:\naresh\sprintothon\functions\node_modules
[warn] !  functions: Your requested "node" version "24" doesn't match your global version "20". Using node@20 from host. 
[debug] [2026-01-26T09:39:11.223Z] Could not find functions.yaml. Must use http discovery
[debug] [2026-01-26T09:39:11.256Z] Found firebase-functions binary at 'M:\naresh\sprintothon\functions\node_modules\.bin\firebase-functions'
[info] Serving at port 8563

[error] !!  functions: Failed to load function definition from source: FirebaseError: User code failed to load. Cannot determine backend specification. Timeout after 10000. See https://firebase.google.com/docs/functions/tips#avoid_deployment_timeouts_during_initialization' {"metadata":{"emulator":{"name":"functions"},"message":"Failed to load function definition from source: FirebaseError: User code failed to load. Cannot determine backend specification. Timeout after 10000. See https://firebase.google.com/docs/functions/tips#avoid_deployment_timeouts_during_initialization'"}}
